image_001.jpg,pushups_down,323.518,658.2924,-103.84128,307.16284,628.2386,-154.15012,310.39102,623.8487,-153.6183,313.57855,618.9383,-153.66867,302.84448,631.5101,-90.581184,302.2549,629.37213,-90.46056,302.04617,627.095,-90.64174,347.99292,594.12225,-261.83087,329.6907,604.626,43.203754,367.24786,653.5036,-135.37181,360.40613,659.9455,-47.71455,506.56265,670.64526,-413.35583,513.759,623.1361,343.82693,436.42688,938.0138,-269.5514,463.297,868.66595,503.8221,362.40805,875.6539,231.5056,386.2666,892.9328,389.2373,327.83365,861.0904,209.37018,355.6596,906.61725,418.89957,359.91306,826.7195,219.33287,369.3392,875.63,384.0855,383.2525,825.9045,244.80527,388.51895,880.4142,365.6201,1034.1678,724.5959,-259.8894,1026.7891,719.25037,260.04276,1408.9742,860.69855,-412.6533,1302.5771,761.6159,336.06155,1503.959,472.08746,-203.75116,1425.7028,492.03497,505.4234,1473.8568,415.18604,-174.63373,1419.5,453.69907,516.28143,1661.8512,356.28003,-116.24047,1538.6339,411.28192,561.656
image_002.jpg,pushups_down,399.07925,930.4597,-17.384497,378.9255,909.48694,-56.92654,379.03537,905.5797,-57.104874,378.99774,901.4108,-57.224823,380.78244,909.9785,21.713634,382.49564,906.94525,21.640644,384.4345,903.89996,21.649681,396.93765,873.9222,-144.90843,403.18167,878.11707,207.062,427.16275,923.12024,-35.92052,429.39395,924.49896,63.54198,524.7656,852.3356,-333.43384,559.377,803.6478,410.6022,699.4861,762.9775,-612.5664,732.34906,737.59064,565.5169,678.4489,962.3553,-1063.2491,714.3212,891.0604,625.1703,634.8649,999.0993,-1146.8325,673.8164,901.0594,637.15436,618.2423,982.7916,-1078.476,672.6906,911.1895,564.2098,633.56024,973.47687,-1041.8151,685.213,910.9101,595.67694,940.3499,843.0905,-251.62119,940.2366,810.3297,251.47498,1271.676,844.0696,-320.19724,1237.6475,827.9607,214.01128,1586.0443,821.9086,-336.85867,1523.291,795.171,349.74274,1641.7122,790.62744,-351.84354,1578.6659,763.7161,344.04913,1611.4741,931.04297,-604.6718,1546.1428,903.59,147.86331
image_003.jpg,pushups_down,1260.0996,629.93726,-391.8194,1271.8932,607.9009,-351.2108,1271.6672,606.2929,-351.25275,1271.5901,605.00336,-351.48306,1268.5902,605.61945,-416.1478,1266.128,600.25525,-416.28473,1263.4376,595.0377,-416.42416,1246.932,580.304,-181.00441,1234.6964,568.3883,-467.56747,1230.1635,627.1121,-325.37225,1225.8152,619.5269,-406.8908,1112.9441,610.8264,42.56097,1087.405,539.8238,-610.78705,1042.4722,640.1296,408.50748,956.3482,610.9361,-825.54944,1111.8431,707.41943,706.9687,983.32587,762.6465,-969.89874,1137.0935,721.04395,770.0272,980.6659,803.1169,-1043.7229,1142.076,726.95734,715.2187,1001.87244,800.2715,-1042.1321,1128.8965,722.20593,689.3115,999.6207,788.7537,-971.39923,813.0887,654.4155,171.37369,794.82056,610.4011,-171.23375,641.64655,667.0554,532.56934,596.66626,641.4237,189.28413,494.214,666.40356,1009.41174,426.74106,634.212,619.1965,466.98608,650.66974,1051.3129,391.24307,619.0041,658.4054,448.78934,713.04376,933.41583,384.87146,692.79694,517.3336
image_004.jpg,pushups_down,460.07605,394.0177,-468.34055,469.24353,369.07166,-476.20062,476.6174,364.87924,-476.10645,483.9196,360.66083,-476.18582,454.39435,375.91727,-452.2527,450.2262,377.70755,-452.22906,446.11316,379.74084,-452.3318,512.5618,345.93878,-442.837,461.37296,372.1899,-338.99335,488.51584,395.31726,-450.004,470.83832,405.72043,-419.8613,634.1166,370.3937,-370.30704,497.71146,373.20456,-234.17308,753.62555,384.9487,-352.1234,515.3671,395.92996,-8.81291,720.42175,499.93976,-329.72214,480.08032,464.68307,-11.034876,721.9768,523.3015,-371.68225,457.6656,474.69537,-38.574574,685.85516,519.5484,-372.9639,459.10825,476.38824,-73.12866,680.327,506.4431,-332.56155,474.74323,471.96777,-26.887041,727.19037,399.5455,-67.15703,665.4407,400.9078,67.59564,787.26575,401.11652,212.3094,708.7976,374.77383,388.51782,836.91473,368.81174,469.36707,756.16327,334.66876,679.6075,847.94354,355.68588,498.47543,768.1333,321.59467,713.97675,831.8869,398.2524,464.19553,751.68494,357.0942,727.3839
image_005.jpg,pushups_down,1720.4135,723.3219,-78.85565,1754.4874,705.36127,-54.712578,1754.9276,704.08997,-54.516804,1755.5691,703.1596,-54.76573,1753.1937,699.988,-130.93936,1753.539,692.53406,-131.28899,1753.732,685.15546,-131.59764,1738.4756,665.72534,102.50108,1732.2712,643.6335,-222.6169,1681.9286,710.2771,-5.009369,1681.5388,698.584,-100.43744,1526.7435,631.1757,344.12213,1548.8085,590.1684,-364.79852,1339.7137,701.36096,625.1802,1377.2941,754.8791,-691.7177,1403.643,841.14026,719.9469,1488.7107,935.4111,-992.2351,1433.8496,873.31256,748.31726,1519.7865,970.43616,-1083.7041,1453.2875,892.89154,686.30176,1539.9481,959.3805,-1055.784,1440.9761,878.8608,688.12634,1524.9669,946.2994,-989.22076,1024.0315,685.68567,231.99922,1011.93896,660.3354,-231.80853,640.33575,690.00085,222.92496,607.1181,704.5684,-161.42163,289.0837,681.7561,327.15125,208.67366,700.3511,-65.99723,236.53287,641.921,330.08575,149.60657,654.0905,-67.38369,199.43721,798.4116,191.61528,117.77718,860.98755,-248.0041
image_006.png,pushups_down,197.39069,824.64825,-442.0054,174.55235,794.5878,-522.4362,176.24301,788.5821,-522.5666,177.834,782.4936,-522.6099,175.0364,794.76263,-439.12598,177.17345,791.20935,-438.84787,179.56197,787.9452,-439.16827,210.39168,730.492,-672.95966,209.23682,739.0916,-298.30795,240.35535,801.6636,-476.52155,243.15872,806.8657,-366.49075,485.5255,676.6844,-681.5237,371.5455,652.11926,-82.24222,790.9456,719.0653,-619.3769,586.7588,685.2062,282.78528,758.71515,940.80206,-508.66034,534.6559,845.9356,511.85547,757.33203,989.4576,-587.4464,505.06497,867.0975,519.46655,703.367,991.3574,-572.65234,488.6918,890.4363,455.96887,700.6811,969.0627,-505.56403,510.1815,877.0879,486.9871,954.41254,656.4991,-217.2728,877.918,643.6885,217.75296,1229.7965,691.7785,190.68346,1184.4733,704.224,511.0136,1480.2189,716.09644,676.6064,1431.8965,698.66766,870.4582,1523.1024,692.566,720.2792,1479.6606,661.5651,912.5244,1520.1539,839.85956,690.17035,1474.6707,837.14905,905.4954
image_007.jpg,pushups_down,1060.6127,796.0658,-772.0318,1074.6422,777.7555,-760.4027,1080.6978,778.0698,-760.4758,1086.8861,778.8737,-760.52167,1054.4336,770.1301,-777.7146,1046.0571,765.07825,-777.76807,1037.6534,760.1709,-777.77356,1078.4849,765.9612,-628.9293,1014.3923,739.19763,-702.9098,1051.678,803.1705,-712.1584,1030.2495,794.32465,-731.96985,1071.2407,752.5763,-467.39838,892.8666,735.2087,-564.09094,1096.7223,806.5137,-213.0586,774.2013,768.63196,-512.12524,1108.6711,883.6077,-176.89067,790.29254,890.31647,-518.2055,1136.4673,899.41864,-203.76105,786.2664,917.78674,-579.3575,1117.3876,907.6054,-235.00627,819.04767,919.0941,-590.14825,1093.4285,903.1122,-189.44127,823.29956,910.35077,-530.9776,886.7447,771.4606,58.59275,810.4574,758.53345,-58.22891,859.9564,777.98224,496.1318,774.9536,758.64197,373.8499,835.72107,771.53107,960.67194,745.27966,739.94507,814.682,832.7369,758.4032,1013.1743,741.3301,727.5654,864.0433,841.17,801.95795,1013.1285,746.02026,784.0335,854.6054
image_009.jpg,pushups_down,1362.8894,835.8951,-1378.983,1372.6285,781.47876,-1378.7955,1384.5785,774.8591,-1378.8152,1396.9504,769.0026,-1378.8899,1329.0394,790.76117,-1404.4392,1309.7622,790.43085,-1404.1514,1290.673,790.432,-1403.8413,1384.4615,742.87854,-1132.7577,1242.0023,771.0003,-1254.9783,1366.2816,852.32886,-1261.028,1319.3203,861.6957,-1294.1962,1408.2046,750.9178,-842.9869,1081.2314,768.84564,-965.54266,1455.7225,762.8068,-490.71088,833.6584,714.924,-801.8324,1500.2811,928.7494,-356.2798,843.13055,917.25793,-751.4496,1555.6038,941.13617,-390.63998,828.979,955.5764,-848.2215,1519.1505,954.8009,-427.36957,877.1077,947.2026,-868.9498,1478.0923,956.18195,-372.46738,891.0112,940.68,-770.3686,1031.3885,791.6961,124.27169,904.9151,799.94916,-123.55404,943.69995,763.0537,1019.7745,786.544,804.7595,726.3693,887.6161,741.6182,1852.6942,705.1009,787.17975,1508.082,883.48926,719.6291,1948.4402,695.10254,766.8887,1595.2505,887.5948,788.8286,1931.4856,697.4494,862.596,1533.3604
image_010.jpg,pushups_down,1325.568,965.3605,-533.08655,1362.2634,930.7997,-525.4137,1364.2605,927.27856,-525.3221,1366.2833,924.40894,-525.505,1351.8245,926.6932,-599.1002,1347.2577,918.0718,-599.3634,1342.4219,909.4849,-599.5377,1342.119,865.293,-386.93134,1309.7725,845.04895,-697.98596,1284.4465,943.41016,-460.14578,1275.3955,934.3142,-548.60455,1216.6621,780.80927,-199.02052,1035.4746,761.842,-669.305,1184.4283,780.15076,182.65515,756.05585,749.7036,-549.9591,1261.1461,939.528,457.86377,765.9588,936.5395,-372.98572,1305.0061,963.121,462.692,763.99194,983.5408,-432.54758,1301.5184,981.5282,411.17395,809.62164,978.1623,-426.42395,1272.8988,972.1874,435.78528,812.88995,962.70953,-370.56302,681.76697,786.393,184.1241,587.5516,768.17816,-183.66849,449.7643,809.8544,676.3251,317.95233,796.04913,335.46558,239.4312,805.304,1267.905,87.29422,771.471,855.97235,197.79362,777.0442,1328.2604,44.390186,732.278,905.209,192.23784,903.87384,1293.1896,36.616432,895.55035,817.0203
image_011.jpg,pushups_down,1023.51306,707.83655,-992.32263,1039.1792,691.12994,-994.8117,1042.3417,687.7844,-994.8581,1045.3596,685.0132,-994.8245,1026.6194,692.5378,-1043.5549,1021.6459,689.3035,-1043.7067,1016.50214,686.25275,-1044.0458,1031.3362,650.75775,-848.1396,994.725,652.7246,-1068.0564,1005.7762,693.2145,-913.1711,995.7241,692.9206,-975.6903,1022.5231,570.5559,-595.3698,832.9126,614.5906,-926.50494,1016.5725,614.41455,-162.07928,675.5344,622.7941,-859.0829,1048.3246,738.18524,14.081963,728.9774,761.4463,-870.7831,1071.133,758.48126,-8.138055,731.4588,796.055,-974.4065,1055.479,772.49774,-73.97857,769.95447,789.00397,-982.22815,1035.8867,766.68494,-10.8076315,773.91583,776.82654,-881.8889,784.3396,573.443,130.62178,693.59985,598.5854,-130.42143,759.6086,624.8337,846.15625,673.13165,631.49286,593.96655,708.5975,617.88403,1718.938,631.19946,648.2502,1470.2384,692.02496,602.58344,1813.4072,611.7995,638.51086,1564.025,723.962,668.91516,1813.1202,649.24554,694.25696,1553.413
image_012.jpg,pushups_down,1575.0748,893.4511,-555.2481,1609.641,847.2376,-523.8806,1608.485,841.32947,-523.6544,1607.3586,836.0788,-524.2115,1602.7421,846.3507,-628.45087,1597.1901,836.99493,-629.05804,1591.3677,827.5814,-629.7502,1551.7686,758.8093,-309.44537,1530.793,750.1408,-758.5685,1502.3085,863.3556,-457.42416,1497.591,857.8717,-586.2963,1277.6211,623.976,-102.28403,1148.0219,689.6123,-778.9532,1002.97565,665.00854,246.56339,738.3962,744.7956,-541.75714,1095.4382,918.30743,309.87442,989.1865,1022.8994,-214.81914,1162.1322,953.7904,299.4269,1070.105,1109.891,-302.00925,1179.7328,1001.76886,201.13525,1138.7522,1052.72,-277.41855,1139.5159,987.8885,260.17722,1105.366,1020.717,-208.24968,545.28265,676.9022,243.60414,463.5133,718.60986,-241.82637,255.47926,731.60016,845.80505,264.51608,803.9417,577.7683,21.304577,731.43555,1498.5951,32.653034,825.3869,1333.661,-33.71941,687.452,1572.5944,-31.621143,780.8094,1412.4963,2.958873,891.2649,1528.0853,40.90516,987.2654,1356.4099
image_013.jpg,pushups_down,1223.8369,834.79156,-988.1913,1243.2272,801.2597,-985.29926,1247.2058,794.60095,-985.3361,1250.8762,788.7082,-985.5294,1225.6918,807.1214,-1035.8999,1217.5973,804.24835,-1035.8228,1209.2717,801.57715,-1036.009,1229.6068,742.0027,-795.9889,1176.8228,760.3415,-1019.70325,1199.7133,817.4893,-894.09375,1183.1073,823.70404,-957.8547,1173.5747,656.1673,-558.6164,966.56866,711.10754,-849.1447,1122.4818,628.6535,-85.28224,745.3714,683.70734,-735.03503,1136.7109,739.59564,213.42366,765.63763,844.36926,-579.8012,1168.8307,746.62933,231.64471,767.7974,887.14343,-636.1878,1158.0919,761.4582,196.02519,813.289,873.46204,-637.81555,1135.4745,761.80853,210.52127,816.83734,859.69244,-581.35657,868.3917,608.39984,142.46587,768.3818,633.92114,-141.84346,754.7672,649.40405,844.63245,672.2122,641.5216,583.4638,657.57184,607.7403,1610.2458,579.9716,615.24054,1305.4666,637.681,569.9787,1700.5282,556.3086,584.6187,1389.8544,649.3174,702.8943,1777.4103,576.68243,713.3585,1427.4252
image_014.jpg,pushups_down,463.00705,678.02966,-909.0718,448.32947,651.3033,-954.83514,455.4959,644.01056,-954.9632,462.8289,636.6139,-955.6246,430.65927,657.0398,-897.7441,425.5352,655.5947,-897.3011,420.62985,654.45056,-897.7708,497.7066,580.6269,-1021.3581,437.3859,600.20807,-767.1341,512.8046,644.40576,-916.784,496.5138,658.1765,-840.84937,822.01,489.2516,-917.6781,501.28314,434.09964,-573.27405,1149.3838,580.14,-847.57715,590.5688,492.53403,-64.28741,1077.5225,837.71576,-832.29175,552.728,673.7221,116.874954,1086.5685,900.8647,-931.9131,515.0378,697.53467,91.58753,1009.1684,890.7949,-938.253,518.7972,717.0217,29.60856,991.2534,860.3231,-835.7443,552.1187,706.2365,96.41116,1060.3009,480.5795,-170.0086,920.109,446.18335,170.65186,1212.4915,501.67102,457.28247,1098.8035,505.1635,732.34503,1331.2969,480.5391,1125.5771,1244.362,480.0086,1355.5911,1360.2821,449.23013,1194.1029,1278.4702,451.74667,1426.1064,1320.3895,597.089,1176.8137,1242.6287,582.427,1417.5382
image_015.jpg,pushups_down,569.3209,850.37506,-732.5899,559.57294,826.23047,-781.1746,565.1423,821.21405,-781.16833,570.74695,816.0714,-781.55383,548.41833,827.7774,-717.2163,545.9075,825.6063,-716.83264,543.638,823.6806,-717.33057,602.2025,774.0138,-851.8382,563.9389,782.35913,-563.64294,609.0999,830.7609,-742.70624,598.14233,838.2122,-657.8868,868.4391,711.45374,-811.0734,632.00104,689.8505,-362.2229,1125.8986,751.9261,-729.4125,679.18896,748.7247,56.14118,1010.2473,951.6292,-658.7186,610.05444,899.31946,192.4231,998.36115,1004.8869,-740.4927,574.0031,920.00085,182.6643,939.6767,991.5541,-741.213,574.4046,927.80475,115.47392,933.0331,966.03284,-658.4341,600.5998,919.39307,166.91045,1130.416,735.39514,-193.84833,1024.5471,716.1124,194.55972,1296.6824,775.16125,353.3662,1162.1046,774.4614,741.0325,1413.3807,753.49445,945.00323,1290.3248,752.473,1357.3087,1438.4985,723.14014,1008.9271,1321.5875,724.26886,1425.1799,1422.8976,860.5987,979.6176,1300.9401,850.81134,1428.1909
image_016.jpg,pushups_down,469.81845,934.0187,-19.97149,441.02774,924.8441,-85.030075,441.72348,923.6754,-85.25106,442.40897,922.16785,-85.961,437.27457,916.552,-28.053556,435.32825,911.4639,-27.713718,433.60138,906.07874,-27.298561,457.41528,898.7328,-274.91983,443.8409,877.20337,-13.453213,499.94705,924.4349,-73.785515,495.37637,921.20746,1.6396786,614.7523,902.4646,-441.1993,611.00745,774.0076,170.12193,797.51196,980.4476,-502.47372,802.7825,826.7004,368.16116,758.9604,1094.2482,-352.12778,777.6673,952.13715,522.4139,745.84424,1129.269,-391.42014,755.53064,972.9477,568.8199,715.64124,1122.4468,-341.95483,744.5139,995.46375,514.93176,722.8945,1104.2816,-329.99854,757.658,992.0075,499.96597,1060.7224,872.7953,-202.19052,1051.4117,794.7167,203.175,1374.2201,871.4667,5.511487,1334.9075,782.97235,435.28638,1676.0708,831.36316,227.14769,1568.9509,758.14746,691.2163,1727.0966,797.1939,240.54405,1611.8962,737.67676,715.2275,1721.9624,925.5234,149.84538,1608.8683,816.76074,687.4103
image_017.jpg,pushups_down,1309.3627,811.2642,-924.34576,1333.2992,759.61676,-897.4033,1338.3447,753.23224,-897.6204,1343.4785,747.6534,-897.8894,1308.7092,759.7965,-970.7361,1296.5391,751.96375,-970.91406,1284.2399,744.3762,-970.9166,1301.3453,680.72614,-708.239,1223.7705,676.9993,-1024.3193,1267.0037,793.4516,-838.31604,1241.794,790.70105,-927.372,1188.6761,592.7617,-496.37695,914.63983,607.46954,-889.4952,1151.6973,614.54846,-33.878593,589.23236,620.91394,-748.9024,1174.3259,781.727,181.75978,593.30334,898.8452,-458.2312,1226.4855,803.9563,175.53712,590.385,968.09467,-531.1149,1206.8251,839.3704,133.42609,651.51874,964.71045,-525.7767,1169.3374,832.31274,162.68669,659.8835,939.914,-463.52237,667.439,617.0724,167.366,534.43994,620.39514,-167.19287,547.8047,705.2997,773.9284,437.35062,773.3354,402.00476,397.44577,690.92865,1407.1781,335.0448,715.1756,1048.3761,377.5611,656.28784,1481.9176,325.399,679.5201,1126.2764,346.71524,784.89624,1572.3059,294.4344,808.0063,1213.711
image_018.jpg,pushups_down,1258.463,903.53,-843.0579,1287.0103,859.1798,-837.297,1293.8613,852.2214,-837.53644,1301.0099,845.9453,-837.9354,1259.6685,860.0911,-902.84564,1247.9111,852.6575,-903.12164,1236.1501,845.462,-903.02057,1274.5197,769.8751,-702.56335,1187.2493,769.8033,-996.6406,1222.8287,875.1377,-771.6998,1197.8405,874.27924,-854.643,1210.6917,628.97797,-569.54584,878.0585,649.1896,-840.6516,1217.3599,655.9674,-193.76521,572.69507,697.3722,-675.3486,1286.532,838.8953,-76.54681,667.28357,958.12286,-498.5532,1355.6721,860.16345,-107.154396,680.6397,1019.3872,-589.90076,1330.5376,885.8762,-150.37372,747.82855,999.4884,-593.5176,1285.874,879.41315,-99.50404,751.4841,978.9769,-511.32056,720.1448,690.1359,151.48865,563.74664,686.3813,-151.43132,571.52515,752.1245,736.6968,447.9371,773.34186,462.64047,431.95746,737.746,1383.8966,343.3769,763.6365,1102.2418,408.82724,707.7474,1460.3083,323.6106,736.01447,1172.0537,401.67514,836.01575,1509.152,330.80795,868.89056,1179.8417
image_019.jpg,pushups_down,891.0349,788.7532,-393.5557,908.5427,787.55347,-427.05344,920.23615,787.2062,-426.93118,931.5475,786.7327,-427.25537,878.9027,780.9424,-424.90973,867.8826,776.1201,-424.7909,856.7731,771.0705,-424.6563,948.0079,751.0237,-449.05243,840.3597,730.7975,-442.24918,903.556,762.40295,-382.89935,869.75543,757.6572,-379.28,1045.5428,626.14734,-396.70963,760.3714,597.0565,-329.5465,1131.7451,590.6518,-68.41174,674.701,554.5318,-75.568115,1105.9915,751.86163,156.00267,681.3137,753.0685,91.916046,1127.3098,799.715,153.25389,663.51166,807.8179,76.08147,1094.5254,802.37805,126.46702,711.7684,822.98016,78.08425,1071.5099,779.7641,150.88919,726.0229,803.8388,88.754074,954.1188,383.80667,-2.25845,807.4508,368.8628,2.380456,983.5286,486.14267,603.58105,785.78674,453.86362,601.60986,945.5693,507.94385,1225.5499,791.79205,484.61017,1214.2738,941.1246,495.49896,1301.5787,798.13153,471.90564,1283.376,945.6226,606.549,1366.2524,796.3851,604.7411,1313.5388
image_020.jpg,pushups_down,529.52106,771.26324,-812.9439,529.31256,742.99994,-844.99475,537.0181,738.76715,-844.74646,544.5923,734.6075,-844.611,515.425,744.90546,-806.23145,512.54443,743.151,-806.1441,509.96606,741.3816,-806.4948,579.85565,699.5563,-828.3677,529.8119,706.8248,-652.6185,566.65656,758.026,-789.7873,553.40356,765.4373,-737.91956,800.61316,675.2423,-698.3366,565.29065,608.16327,-456.72162,993.739,735.3113,-522.71893,610.2882,671.50134,-105.234375,899.7593,893.8539,-399.68082,606.849,830.2391,41.283417,887.90216,928.0582,-443.13547,586.22894,855.75226,29.05918,833.18274,912.05676,-452.79672,594.74133,858.4791,-22.097242,828.4414,894.35754,-404.82913,614.7498,852.8105,26.745472,1034.0259,564.77344,-135.98442,940.4641,519.75836,137.10846,1185.0176,488.9835,350.65414,1120.5486,482.49374,576.8152,1326.6295,418.0379,896.3749,1254.4281,414.37436,1072.7139,1351.8162,389.8935,957.71124,1277.8811,382.65976,1133.4484,1332.303,487.90155,1006.9964,1268.4514,483.23007,1187.2277
image_021.jpg,pushups_down,958.37177,855.94604,-442.53113,959.6747,848.0289,-480.67053,966.61005,846.2172,-480.4742,973.50543,844.25183,-480.60757,940.27313,844.3274,-465.91434,934.0299,841.14777,-465.71133,927.9557,837.81476,-465.8317,994.628,811.873,-539.88275,926.8749,800.56964,-472.2292,983.6219,833.3403,-450.7901,965.7857,832.9766,-430.14764,1148.5486,723.642,-459.13144,897.3764,664.38007,-449.7225,1299.8022,727.361,-330.246,883.5961,627.0216,-221.96487,1267.2402,877.51917,-312.5043,884.6693,745.7069,-47.102856,1273.4325,911.83954,-364.05786,860.6422,766.6911,-68.11453,1233.7406,919.63654,-378.30206,878.98663,782.68134,-86.2744,1220.9817,903.54144,-319.31766,898.18945,774.3418,-50.326775,1226.843,554.61566,-45.550404,1110.7521,514.6317,46.049202,1285.3557,526.1525,420.49222,1161.28,489.2457,524.70654,1293.2251,457.63303,866.5727,1200.252,424.1342,1043.8541,1292.8639,427.98077,922.5138,1208.6355,399.20145,1105.6245,1291.5682,506.83182,1018.46014,1196.8114,464.0359,1194.5211
image_022.jpg,pushups_down,945.0685,673.5335,-1468.1091,940.0715,617.7669,-1426.5635,957.4308,601.17487,-1427.3196,975.212,585.5189,-1428.1312,884.16876,648.4546,-1453.6971,863.56805,656.2984,-1454.0686,843.1786,664.5255,-1454.5089,996.209,543.8518,-1157.4614,809.0996,647.4933,-1282.9008,988.1699,673.076,-1362.7172,930.55994,705.5793,-1394.5164,1087.6272,594.80005,-944.19147,693.251,598.2213,-933.18054,1196.8772,683.11383,-656.2381,436.8524,644.65515,-841.34656,1231.0465,844.1211,-723.20264,438.20645,827.20624,-939.24756,1284.9818,868.7664,-772.8168,419.3752,884.5535,-1026.9508,1245.0872,902.26483,-818.6758,467.85992,879.8815,-1058.4287,1207.8148,909.15356,-737.2131,483.56198,866.0223,-957.6584,818.06195,701.5395,55.62673,656.8318,666.13165,-55.78423,744.8839,704.0861,689.60864,606.0431,732.3541,679.90656,687.86615,711.75916,1335.9849,587.6284,681.90045,1357.9019,669.9428,693.99805,1400.7872,583.5105,650.3579,1423.0498,677.83386,794.8973,1342.2617,571.80896,788.75336,1337.8346
image_023.jpg,pushups_down,713.11346,499.45422,-491.65942,697.9319,477.1801,-538.43933,700.4347,472.13815,-538.2936,702.88,467.1673,-538.2481,693.6679,479.2255,-482.87747,693.34076,477.34558,-482.83072,693.2317,475.65997,-483.3822,725.7501,426.95212,-610.4823,710.07635,436.53955,-358.70145,745.6158,477.85828,-502.41162,742.78906,484.7018,-428.4398,939.7793,385.65787,-564.2692,783.25916,347.377,-188.41917,1132.6301,427.49384,-495.1235,888.2139,383.85028,154.4071,1078.6293,577.2472,-388.20032,864.3522,508.11795,295.35797,1074.603,610.24023,-443.8638,844.1715,527.8732,287.17166,1032.1438,608.4807,-445.56393,841.1244,536.97656,251.73709,1027.4017,589.59393,-389.3017,859.35706,528.5504,283.4787,1189.3246,355.33066,-154.80766,1105.4102,335.10065,155.25623,1382.9692,371.17657,200.4268,1303.6233,362.93683,474.25754,1549.56,339.75137,579.7386,1468.5453,343.95282,828.16986,1580.2327,312.67966,615.96063,1500.0878,316.55,869.3173,1563.2666,436.97134,594.7221,1486.8793,437.08603,889.4879
image_024.jpg,pushups_down,1396.3752,567.70465,-55.183086,1422.1965,550.2589,-39.91897,1421.7642,547.7897,-39.86759,1421.5187,545.5554,-40.120686,1422.7988,548.2236,-110.52245,1423.0544,542.77747,-110.400764,1423.2533,537.4667,-110.56992,1407.4319,512.8047,89.64779,1408.1095,501.66248,-215.86546,1367.0021,555.84924,6.6221523,1368.2058,549.89685,-80.984695,1256.035,461.00754,305.7685,1278.3796,486.8101,-369.46216,1149.4467,559.03827,466.27594,1168.1177,603.5066,-628.76245,1202.9591,716.2261,427.15884,1271.0538,792.374,-774.99475,1235.4508,741.11566,454.4365,1308.1285,828.73975,-839.7425,1252.0449,756.36945,387.27792,1325.07,815.70154,-796.8184,1237.4664,749.78156,396.83862,1306.7108,800.91846,-756.76,876.2531,572.34064,217.47652,866.1614,591.93274,-217.06311,609.6279,662.8086,274.7894,540.2808,657.52655,-184.3056,337.52072,655.4337,448.00876,211.40062,659.02045,-183.7883,292.4586,625.6929,461.20813,153.08551,627.0407,-194.85417,289.8859,758.57983,407.52966,175.326,788.8324,-336.8816
image_025.jpg,pushups_down,1234.5519,515.67926,179.22142,1245.3324,503.08905,208.75261,1244.8026,500.90198,208.8947,1244.411,498.7428,208.60733,1246.0923,503.08304,149.51337,1246.3253,500.46686,149.57127,1246.5079,497.8716,149.51067,1232.6082,481.68286,306.53378,1235.0564,482.1342,45.965458,1216.0419,512.28546,223.40645,1216.9042,509.85623,148.41747,1121.705,436.51346,457.42032,1161.6332,491.69577,-160.43887,1000.12244,427.3762,679.1814,1049.0575,532.15485,-325.71323,1006.37305,498.20996,770.7057,1091.2515,630.2837,-351.00494,1011.6725,512.4951,807.07825,1100.812,655.773,-373.91275,1023.45374,523.7776,766.6544,1116.7373,651.1731,-355.66098,1022.34924,523.6343,750.8383,1109.6283,638.73724,-337.30695,887.7128,503.36526,194.55016,899.6546,532.4491,-194.18536,666.6743,522.64105,135.9554,665.10144,561.08813,-248.42282,451.50504,513.35455,147.6238,450.93802,547.7508,-314.0645,414.63483,495.29956,140.60526,413.45282,522.4822,-320.96448,420.0714,571.3382,57.796394,418.21582,621.4372,-432.34402
image_026.jpg,pushups_down,1296.0415,791.6094,-380.27823,1322.5747,782.8691,-408.22,1326.902,777.53784,-408.19678,1331.0947,772.5828,-408.52042,1309.3138,790.55676,-446.99557,1305.0482,789.6522,-446.99808,1300.598,788.7145,-447.09854,1322.1036,735.1899,-407.90765,1281.83,758.6563,-577.7662,1274.36,766.6373,-358.38663,1263.954,772.95593,-405.76297,1261.084,601.53827,-277.95102,1096.4996,691.1978,-545.8197,1151.2954,615.3739,154.78194,872.1194,725.90845,-429.0044,1192.1523,766.3157,339.65128,1023.85834,845.45703,-345.5636,1220.0686,792.7609,322.1144,1060.2279,884.98315,-389.5759,1221.5927,796.09784,299.3067,1109.367,856.22375,-396.85803,1201.8567,789.1987,331.08035,1098.14,842.93335,-350.47906,905.3816,527.41656,127.5609,822.31213,580.3372,-127.07984,765.19763,473.7286,586.4648,641.41003,511.56927,279.72455,650.5118,395.69662,1011.7376,517.2904,420.9078,656.4335,619.3239,367.31073,1063.1278,489.5713,385.01816,702.57495,647.7907,449.08957,1162.8248,504.20953,477.0235,767.1012
image_027.jpg,pushups_down,456.66873,714.99963,-540.2491,451.01694,693.2936,-594.30835,455.9228,691.202,-594.14594,460.72464,688.9485,-594.24445,441.35464,688.46246,-537.8247,438.9467,683.79114,-537.72595,436.8208,679.3483,-538.1286,483.88235,655.9559,-675.2761,450.38855,644.94183,-427.022,486.80185,706.01935,-552.22485,476.74414,702.7042,-480.00558,652.8073,613.2848,-630.1904,500.3526,598.6608,-242.49799,827.81036,630.63934,-574.3268,511.93918,607.61786,86.08422,758.9883,736.13275,-462.87164,451.116,690.75934,281.29584,747.1048,756.5881,-521.11426,424.036,701.7576,280.62845,710.59686,751.65173,-522.5806,423.11996,707.2366,241.80069,707.39526,743.0122,-465.37283,440.663,705.7119,267.89056,885.4221,590.56793,-148.81029,826.1694,579.7761,149.03947,1022.4058,578.65283,327.3473,958.4518,573.7152,615.60504,1141.8856,554.7233,866.46387,1061.099,547.0996,1181.7052,1160.4813,532.7945,924.2448,1085.0187,526.0878,1244.5226,1166.2909,621.1194,892.72235,1072.843,615.89575,1240.5449
image_028.jpg,pushups_down,330.80792,714.78864,0.08784643,300.48004,696.5536,-60.838627,299.5165,691.48035,-60.78178,298.53265,686.03265,-61.10688,301.2812,696.9833,6.9831724,301.05704,691.7302,6.8966646,301.1008,686.6321,7.0159235,309.95215,640.5082,-203.07054,310.1997,644.80255,110.77656,359.32797,691.00635,-38.47713,360.51184,692.26227,51.9324,472.46872,582.0766,-337.51996,505.15173,595.8889,346.73807,595.1769,739.51276,-497.66824,621.3763,731.43445,495.75348,555.5928,955.7432,-565.49475,601.4564,889.1494,354.59283,507.2643,991.41473,-638.0782,554.3422,901.3955,370.30798,491.09387,983.499,-581.35266,542.34674,916.553,304.70676,508.2364,971.66815,-545.986,558.0987,912.5436,324.03555,926.44086,620.818,-211.35576,926.40186,636.0368,211.32944,1271.9855,760.98413,-139.95314,1269.521,744.89417,218.38574,1621.7694,827.54803,-79.36044,1619.4541,789.61633,275.968,1693.4371,807.42145,-87.06634,1693.3024,769.5484,273.4281,1612.9694,948.78906,-262.70956,1626.3927,923.22064,153.27081
image_029.jpg,pushups_down,424.59143,814.1429,-627.2942,397.29553,796.89886,-699.4563,399.47583,791.0038,-699.4361,401.70557,784.9885,-699.94995,391.9923,796.74774,-621.994,390.9467,792.91895,-621.6396,390.25125,789.26324,-622.1587,425.30588,727.6951,-844.8746,406.24542,732.8355,-489.1518,465.13367,779.12866,-658.097,463.56418,784.3282,-554.02954,722.9151,627.0565,-821.04486,497.08157,573.949,-286.64157,1031.3529,729.85254,-777.18726,573.94946,636.41534,235.49513,913.48315,929.90594,-699.6115,481.09662,798.67896,491.9555,894.05554,972.9046,-799.76324,435.73917,813.3277,490.42245,827.93005,960.61786,-784.43884,428.76608,834.3012,411.19003,824.13947,942.7818,-694.919,459.8015,827.2369,463.55655,1134.351,607.3294,-223.34212,1028.9496,577.6141,224.03401,1329.7611,602.41376,411.52524,1250.0426,613.7199,778.19086,1488.5645,570.8729,1136.1111,1403.017,588.3124,1485.5059,1524.4543,537.4172,1210.8196,1442.7549,552.7119,1566.653,1491.8773,679.9456,1194.7064,1405.6244,712.9181,1562.9265
image_030.jpg,pushups_down,1433.5868,808.81213,-333.5914,1460.3314,793.86914,-316.9565,1459.7977,791.0032,-316.8143,1459.2756,788.4505,-317.1205,1459.1549,793.8741,-370.9297,1458.3616,789.5025,-370.89117,1457.465,785.1455,-371.33963,1437.449,748.12683,-189.99472,1435.911,743.7312,-420.809,1395.0284,787.8679,-273.691,1396.1401,784.34265,-339.21875,1295.9174,617.60046,-25.284979,1230.2786,687.1797,-448.84125,1123.7537,582.47015,261.08807,998.52905,685.464,-444.37558,1142.3187,726.31244,483.681,1048.678,911.32416,-532.4791,1173.1139,747.78064,493.7334,1068.3428,971.7568,-621.13806,1187.3258,768.02985,440.24365,1111.8157,966.89984,-611.7836,1166.6061,760.7576,463.15756,1099.6132,939.90027,-532.77985,851.95715,583.3175,161.00273,792.4203,621.70337,-160.44337,588.11945,566.7321,445.89804,478.96735,632.47754,125.897385,379.43845,512.34155,735.35345,224.6764,575.78784,319.55798,337.343,475.31094,762.93567,175.92726,538.4486,332.4626,343.7397,620.87103,746.8663,195.53125,694.14307,241.92668
image_031.jpg,pushups_down,1393.5425,893.0703,-821.7271,1423.4271,855.0456,-811.34674,1427.7865,847.8502,-811.43445,1432.0873,841.4437,-811.80316,1404.764,859.08624,-875.3531,1396.6027,853.344,-875.33856,1388.2405,847.7694,-875.475,1407.9603,775.599,-647.27783,1351.0266,786.25476,-924.12354,1358.427,864.0487,-739.5947,1342.0532,866.667,-818.1126,1325.7289,622.0309,-463.06915,1078.2218,697.4314,-789.48517,1266.3564,614.20105,-8.333067,803.3263,702.51526,-670.4288,1295.9299,744.007,249.55191,840.8441,896.5755,-521.49725,1350.8778,750.88324,264.0935,857.0063,943.67236,-583.0848,1331.4568,773.6867,219.92433,910.753,922.088,-584.71686,1294.7379,774.0944,239.19624,910.18585,904.3945,-525.4299,888.0877,575.18604,162.95679,760.3363,608.9035,-162.71056,728.91846,572.9237,703.84283,549.0012,594.3159,384.07263,591.02026,500.64807,1271.2234,380.58975,529.97565,862.8221,550.2908,455.58572,1338.1271,337.5124,491.87772,911.51715,600.31177,629.2993,1436.7842,389.49026,644.7091,926.7032
image_032.jpg,pushups_down,541.5932,614.7168,-748.18494,541.6831,558.31335,-793.9265,552.80865,546.9309,-794.0081,563.8487,535.63007,-794.27155,522.4009,575.70984,-715.5786,519.2765,578.766,-715.4146,516.33344,582.1867,-715.7264,624.825,476.81458,-854.35046,558.0266,534.733,-510.29428,606.08185,590.528,-759.3017,584.89435,618.42126,-657.74384,987.40857,460.5323,-751.8448,677.58673,449.35742,-377.14554,1360.3895,532.3194,-731.1095,825.4414,526.4067,52.394745,1271.7917,812.64056,-669.9734,782.6455,733.1908,123.408104,1269.8643,874.59216,-755.1665,748.3198,765.6568,86.30922,1191.7463,867.4201,-744.47723,745.42505,780.56067,16.539246,1180.4822,836.4247,-666.8071,780.9461,764.27594,94.70054,1322.3206,533.28436,-178.82156,1173.031,514.1509,179.97485,1522.6794,641.4334,335.15628,1384.1095,618.4826,582.65686,1674.4548,608.11804,840.89026,1569.6427,612.75305,1017.09534,1720.0104,573.449,890.5999,1621.2109,573.5682,1068.3948,1645.695,743.7525,845.91156,1553.372,763.20874,1071.3806
image_033.jpg,pushups_down,928.26154,611.1058,-1469.7349,986.55084,588.1081,-1523.9286,1008.83026,592.69916,-1524.2429,1031.4845,597.61005,-1524.0265,933.2533,564.4016,-1521.2463,917.5056,551.17334,-1520.9248,901.65424,538.52264,-1521.4789,1091.6211,584.8861,-1437.5736,910.4362,494.29834,-1429.3735,954.091,630.1312,-1397.431,899.7208,607.96954,-1394.0526,1173.1771,632.2175,-1106.2952,817.9358,461.3116,-1082.6863,1240.2178,772.361,-652.52246,615.0206,568.4486,-817.3705,1255.6122,878.269,-669.1788,596.78265,793.26807,-914.2956,1295.9584,898.0211,-740.0011,575.10297,854.5475,-1023.9986,1287.9531,909.5305,-791.89154,628.3236,849.9815,-1082.4968,1258.646,901.8772,-697.82776,650.23425,830.82904,-951.6294,904.6099,758.26904,4.090108,754.77344,665.93976,-1.9125946,823.4144,786.66,757.93427,675.92035,677.09735,821.0565,772.3644,750.79565,1629.1461,654.4298,701.33813,1641.5338,776.6125,732.55475,1723.3713,677.7071,694.98267,1730.2185,687.8779,777.2771,1712.7551,578.20374,766.3345,1719.5391
image_034.jpg,pushups_down,594.70276,760.33716,-1220.4496,612.39484,695.71124,-1257.5522,629.41455,686.2947,-1257.2971,646.1672,676.9403,-1257.4742,577.28656,709.80914,-1206.6923,567.6145,711.0662,-1206.5834,558.3722,712.66064,-1206.814,701.81805,627.80835,-1185.6078,582.85565,681.7496,-966.977,658.07184,759.4743,-1174.5491,618.04803,776.4255,-1110.4858,981.4681,604.3991,-943.97046,629.64465,663.8099,-750.9155,1255.6235,607.59344,-711.3036,624.2978,629.09344,-263.97348,1273.7904,827.7749,-658.7975,574.7785,773.3579,-156.02367,1300.603,859.8661,-760.48083,534.63654,790.6521,-206.10582,1245.5995,874.96655,-775.69794,547.45526,800.0826,-274.8053,1215.5397,868.58417,-675.20044,574.4402,794.3876,-185.78423,1173.4429,587.1375,-125.83496,1029.8073,607.1639,127.2699,1218.9019,544.7574,659.9282,1046.1333,550.91315,939.9091,1214.2433,488.30783,1479.6174,1068.4105,481.6007,1734.3141,1215.4789,470.32,1579.9026,1078.2406,458.82718,1831.6848,1189.4432,552.5948,1632.0312,1045.5613,520.0815,1919.3033
image_035.jpg,pushups_down,1485.0065,669.11615,-961.50256,1499.028,618.3345,-929.009,1501.7738,613.6845,-928.9935,1504.7388,609.7438,-929.2639,1479.1788,617.2481,-1003.1032,1467.5507,610.44763,-1003.19183,1455.8938,603.9225,-1003.1222,1454.5853,560.58765,-703.2814,1390.0769,553.05585,-1025.5382,1442.0935,665.7209,-861.3258,1420.9382,660.097,-953.49384,1319.501,536.1318,-493.62738,1107.0707,540.7125,-851.7317,1200.7233,555.81,-33.023907,803.03345,544.21466,-690.73834,1271.3875,705.3644,106.02046,878.9093,778.2024,-427.08542,1317.9235,717.3082,98.581726,891.34534,837.6569,-472.08704,1320.1476,748.9073,53.811935,946.0226,820.3735,-467.883,1287.1377,747.132,88.450485,949.04407,799.3739,-427.2375,915.9421,609.86145,151.79292,804.7774,609.75287,-151.04163,799.91284,647.95935,795.8321,687.4226,644.41766,523.6542,705.1843,648.72424,1400.6588,599.6966,646.14197,1157.005,687.36487,616.2552,1471.901,583.5248,623.7798,1230.6561,682.3148,742.56635,1500.4515,587.41364,748.7122,1226.6573
image_037.jpg,pushups_down,592.82733,673.8256,-767.69934,587.3176,634.3561,-818.0467,593.8049,629.1233,-817.64825,600.08795,624.02,-817.65173,578.8137,637.19214,-748.97363,578.35895,635.21063,-748.5034,578.0541,633.57275,-748.8896,638.69995,590.0661,-844.3617,609.0889,604.6781,-539.45886,638.3194,670.7347,-759.85724,628.04596,676.5518,-670.0869,870.5358,600.43066,-762.2429,722.3399,572.8037,-268.29932,1119.2881,507.99484,-598.6217,874.4592,537.24304,198.21454,1057.3649,721.19934,-363.33957,858.1987,686.8722,425.96683,1043.2849,761.1041,-402.71317,841.5216,711.0457,415.78107,999.437,765.9783,-404.033,834.2822,716.2608,366.76862,997.9621,745.6625,-360.65305,846.9383,708.7347,407.3875,1191.0331,640.0993,-212.74239,1111.7076,618.3407,212.8,1416.0308,674.38916,304.3711,1355.4824,645.45734,700.20386,1617.2935,683.06195,883.2225,1532.4938,636.7813,1221.0829,1658.632,660.6639,942.408,1571.5615,613.5438,1280.7639,1627.5754,802.8749,916.9929,1553.8778,737.209,1312.0781
image_038.jpg,pushups_down,405.33203,959.5489,-1160.5933,396.26303,902.6866,-1203.9662,406.98593,888.5371,-1203.7664,417.60693,874.6274,-1204.1117,374.41562,923.1592,-1149.0566,368.444,926.3541,-1148.6096,362.7241,929.9513,-1148.6278,473.18085,804.0939,-1163.6012,397.40878,876.5943,-918.28076,480.7048,926.339,-1120.89,456.68845,954.6607,-1049.313,841.6788,782.32587,-971.31995,503.9576,692.17645,-667.0166,1233.1798,708.5924,-636.2329,608.3338,590.30316,-114.46047,1223.3604,957.97144,-344.57925,554.43665,789.54474,81.646255,1246.0527,992.71674,-406.0316,526.72345,813.6704,31.816446,1182.8798,1016.74915,-435.58026,525.86346,836.26886,-26.648733,1155.7968,997.19507,-354.7223,549.41736,829.3102,55.765472,1198.5405,731.0411,-181.98451,1043.3231,681.0831,183.03163,1380.4591,752.7757,505.69745,1241.5259,705.553,884.3557,1541.4233,694.53015,1249.608,1412.0728,682.2078,1538.1764,1586.7268,658.55304,1336.295,1460.1538,639.22894,1618.8379,1527.7424,826.4479,1418.876,1409.9998,819.4144,1740.96
image_039.jpg,pushups_down,677.369,620.9121,-409.62592,672.42224,601.6005,-465.8651,674.78906,599.314,-465.78125,677.042,596.86774,-465.86597,670.2697,599.54663,-402.58224,670.8182,597.0254,-402.58032,671.56586,594.5619,-403.0123,697.608,574.5848,-567.404,690.52704,572.80194,-282.8613,701.5229,617.217,-433.23462,698.95135,616.65594,-350.788,821.1096,561.48224,-580.7873,763.3409,544.64453,-60.270496,957.6748,531.6074,-523.0014,833.4472,526.5473,184.59962,922.1163,625.58167,-445.4876,797.04047,604.63446,306.1771,910.95166,643.3999,-516.50696,781.59863,617.23785,319.66077,891.0458,646.97125,-490.76755,777.7428,624.5884,263.46103,893.51953,640.41,-438.95346,786.6226,619.92816,282.89984,1039.8773,567.16534,-184.78954,1006.1564,546.62024,185.20413,1180.3044,575.83246,173.91179,1151.8851,559.99896,569.379,1325.528,591.89465,576.4587,1277.6068,557.5407,960.40375,1350.038,577.44543,616.2821,1302.1644,542.4323,1004.50653,1352.4866,668.63324,563.88367,1299.5778,632.6925,1003.4032
image_040.jpg,pushups_down,566.629,651.52875,-89.95058,547.74097,636.26013,-142.34366,547.8354,633.3454,-142.42021,547.83057,630.3118,-142.66133,547.5488,634.98346,-70.955666,547.2795,631.4036,-71.11861,547.03815,627.96106,-71.4898,557.54694,600.59015,-255.63792,554.6049,598.68176,69.08553,589.04913,638.9515,-121.25254,588.63275,638.45685,-27.191338,686.08704,569.1113,-368.8989,675.85583,563.7641,308.6663,848.85376,588.37555,-308.45206,843.33765,568.562,245.6408,774.69574,696.25476,-42.007774,785.81024,659.76416,-159.59157,756.9968,720.26776,-62.95466,765.359,682.5917,-215.11195,733.53204,714.2378,-67.8,746.6722,687.07587,-233.0511,738.33014,703.53894,-39.07959,752.8051,679.55164,-187.55115,986.3731,588.3113,-221.64438,969.8727,581.53973,221.61353,1211.4479,616.94244,-136.67676,1203.2369,597.9779,273.69397,1442.5103,620.6789,-19.61903,1427.3212,605.105,408.17563,1479.4817,596.3183,-17.33531,1468.6667,586.84235,409.55444,1477.847,713.8494,-153.32123,1453.665,698.41327,293.86142
image_041.jpg,pushups_down,638.1646,855.2723,-629.41473,611.8602,810.0994,-685.3528,617.7466,800.86145,-685.41846,623.6315,791.75323,-685.83307,601.59766,817.6175,-620.7763,599.4653,816.96173,-620.34326,597.4924,816.4902,-620.0758,666.5944,738.10645,-745.13324,630.1295,768.1419,-451.14932,696.0617,832.7821,-632.4141,683.4327,849.6478,-547.8398,996.50336,720.25226,-707.0784,794.317,661.5914,-284.29352,1366.413,651.82056,-485.09808,1074.0221,574.9293,21.24347,1269.1588,904.7626,-166.31157,1095.3247,713.69385,75.72173,1269.2784,964.082,-193.30594,1098.7871,729.0567,48.4932,1206.315,964.11456,-202.94676,1080.9797,751.8374,10.005726,1193.3025,931.88055,-164.44249,1086.5405,742.46454,56.624252,1416.5717,703.21436,-185.20726,1295.2429,661.292,186.73546,1591.8511,750.0485,328.08655,1430.9106,744.9413,765.7038,1747.2826,764.86554,871.89545,1575.2238,764.5301,1258.9816,1786.3848,739.6511,935.9445,1620.1522,736.2582,1315.978,1746.0634,897.39264,1009.8917,1572.9209,897.5423,1420.3392
image_043.jpg,pushups_down,1291.3359,720.1617,-1044.8888,1336.0012,696.8633,-992.9063,1342.4941,708.91943,-992.9675,1348.9161,721.4996,-993.17303,1312.5006,651.9675,-1048.5348,1301.937,628.7126,-1048.68,1291.2485,605.9263,-1049.1106,1308.6947,687.5326,-695.51556,1232.4445,535.7132,-931.725,1236.4547,736.34595,-921.26404,1209.5879,677.5555,-987.97864,1154.2676,583.3886,-426.60422,930.3265,538.3638,-788.62573,1011.28796,601.3925,37.53466,643.2422,534.43463,-535.24115,1080.1969,743.9361,76.9994,651.8671,778.08264,-350.50726,1136.0641,781.35535,46.527676,644.16895,840.8975,-428.1801,1130.5067,806.75757,-2.0838742,709.0058,844.65906,-444.50858,1089.2804,789.2517,51.928177,711.6472,818.5816,-367.93106,696.37634,515.376,147.35776,571.1061,509.7599,-146.21544,572.72925,525.4197,807.7172,409.6235,554.32965,487.14377,480.7669,521.40295,1332.9596,307.14874,550.9372,966.5556,466.95114,487.3891,1396.283,289.86682,524.62585,1029.7261,451.70993,609.6746,1491.6526,289.56805,661.9477,1061.3113
image_044.jpg,pushups_down,1141.6896,754.2203,-731.62854,1145.7773,736.4652,-722.4564,1145.6451,733.0431,-722.6429,1145.4734,730.2073,-722.529,1140.8962,740.34357,-771.5924,1137.7114,738.8387,-771.5679,1134.3357,737.5125,-771.86383,1124.2338,708.9395,-565.9341,1110.6533,719.26917,-793.9224,1122.5536,748.2344,-659.87067,1119.1198,750.75977,-724.67084,1074.1736,672.19904,-294.62186,986.74585,716.33685,-759.41675,1043.3187,690.7448,83.579475,862.9466,745.88745,-711.8916,1072.3688,766.81274,299.62946,904.7588,842.27625,-635.56415,1086.4536,771.9729,327.71744,913.46643,864.8996,-697.3064,1083.057,778.0005,274.53073,935.17255,851.0642,-692.2069,1071.196,776.9234,284.82938,933.65,843.9072,-632.8153,884.038,683.9883,162.41853,840.18,702.7616,-161.96864,810.80255,702.57355,770.8707,736.2991,707.3707,384.2122,731.95294,665.5298,1394.714,655.1668,683.7245,946.34094,711.2459,645.80096,1463.7052,631.0601,670.1974,1003.0361,733.55164,722.2411,1477.4159,659.3603,740.669,949.49744
image_045.jpg,pushups_down,756.8501,671.2174,275.66568,737.5539,665.397,287.82846,736.44745,661.6587,288.0735,735.3347,657.6754,287.71606,740.05853,672.6861,312.3079,739.84155,674.97125,312.42038,739.768,677.3445,312.5329,733.7433,645.2271,362.19705,738.81464,669.2204,475.4842,765.466,658.6536,299.92755,767.0949,669.92584,332.30124,783.78595,604.37396,139.50256,793.32074,677.806,396.194,803.39557,664.3131,-394.70682,859.1443,723.01794,-84.72239,804.974,758.07697,-794.4521,817.39526,781.8823,-737.88464,814.4176,774.9852,-867.6812,814.1081,799.5908,-816.0088,803.5812,780.25116,-856.8577,802.612,794.88605,-827.46704,803.9472,773.54517,-795.94073,809.36633,783.1326,-751.605,1049.2336,648.5217,-75.19599,1021.0792,686.13763,76.40576,1233.8604,683.363,-425.4264,1135.3954,688.0154,-123.43901,1094.0507,606.65625,21.766417,1079.7467,669.6986,303.7076,1064.0803,579.4804,75.18242,1064.4546,663.4858,345.18582,1114.7308,618.5511,165.1109,1118.2341,681.47534,426.9126
image_047.jpg,pushups_down,1272.0863,920.3182,-1239.6138,1298.4255,887.81506,-1238.5632,1304.4755,886.4777,-1238.4623,1310.7695,885.8228,-1238.5139,1274.5021,878.07666,-1297.9742,1264.8837,867.7797,-1297.5828,1255.1957,857.95685,-1297.5958,1290.4447,826.9203,-985.9974,1215.859,787.8934,-1255.2827,1239.769,903.34155,-1114.497,1218.8225,889.69934,-1190.8453,1257.8055,657.16785,-726.01904,1000.3058,699.08936,-981.7085,1196.2418,564.6892,-207.95969,787.43896,572.0979,-641.9473,1172.8727,730.5957,69.91115,800.95276,793.3295,-325.24634,1202.1029,751.02435,74.61386,786.38025,831.7024,-386.39957,1182.8093,761.4064,31.123487,832.3824,842.2281,-390.66736,1157.6364,758.3381,54.718735,843.21375,827.27966,-329.1195,904.0701,649.7345,137.57117,777.6851,664.2988,-136.81587,763.91925,672.0535,841.6984,627.79443,706.0487,583.9892,635.39264,670.09515,1592.9276,518.94403,696.7931,1288.2529,614.2376,641.67267,1683.8505,500.07635,667.586,1367.9427,618.6244,765.6215,1690.7769,500.02124,820.45325,1325.7665
image_048.jpg,pushups_down,1229.9498,825.468,-668.2078,1256.0607,789.89014,-657.23083,1260.1572,784.33246,-657.32465,1264.2626,779.4159,-657.85565,1238.2948,791.10144,-721.1961,1229.7231,786.0162,-721.2821,1221.028,781.1045,-721.5176,1235.1757,723.0162,-513.5937,1177.4006,726.75903,-797.22943,1192.4863,804.5182,-595.2139,1175.1724,803.9333,-675.3488,1117.3333,609.7713,-360.26035,918.8752,680.69495,-695.1766,961.38855,615.0663,119.45237,651.50836,707.6952,-511.6294,1009.80035,776.78107,348.07202,785.30786,859.4349,-248.9649,1050.1796,798.78796,348.16928,816.7523,898.80664,-300.93723,1051.8977,819.6602,296.3119,866.792,873.5566,-292.72742,1020.7244,814.0304,330.4912,858.52704,861.17676,-250.17725,730.65063,659.3121,159.84473,626.5648,693.477,-159.43497,614.31824,676.09485,808.506,531.28815,694.7081,506.408,509.2058,645.4712,1462.4431,438.2126,669.2964,1154.1823,484.88876,611.34656,1541.2928,413.8341,641.3988,1228.5397,508.2107,735.67206,1601.5057,451.4667,761.30524,1247.1674
image_049.jpg,pushups_down,575.77673,765.4616,-590.9192,568.13477,728.6752,-646.6794,574.6025,723.4445,-646.69714,580.90094,718.1551,-646.94257,558.2005,731.0491,-572.8728,556.9165,729.2091,-572.5962,555.94586,727.5729,-573.01935,617.6991,681.19995,-716.7368,583.20624,694.0228,-390.95776,618.13727,757.6948,-600.54663,606.7427,765.27594,-505.73193,875.51105,651.97253,-718.4687,697.7671,662.71405,-152.17442,1137.8076,705.316,-624.59235,814.3573,707.132,244.87856,1025.5938,887.1612,-499.72522,761.91235,827.43854,429.02267,1008.3733,928.3938,-578.7398,739.01575,846.62506,438.88748,961.11505,919.9806,-570.5046,731.2101,848.2484,373.03638,959.5276,900.2153,-497.00763,750.2952,838.1376,406.7674,1222.6614,650.6888,-216.47298,1133.0111,647.4349,217.15395,1434.5022,707.06366,296.76205,1337.5549,719.37396,691.51483,1603.9856,707.6334,836.0895,1505.6198,715.0998,1163.2081,1638.6083,678.90564,890.26587,1544.101,682.1763,1218.5867,1615.559,834.80664,852.42377,1519.5894,857.6592,1227.4655
image_050.jpg,pushups_down,1272.5266,756.0246,-1152.7551,1291.1012,715.85187,-1138.9119,1296.0836,711.01575,-1139.0354,1301.0198,707.1332,-1139.0029,1269.1614,716.84705,-1201.8998,1258.9998,711.32477,-1201.7495,1248.7318,706.05676,-1201.8993,1276.5609,659.37,-916.6004,1209.9194,658.5608,-1186.1697,1250.5524,746.58374,-1045.2432,1229.1332,744.4342,-1121.8713,1241.3439,591.63165,-637.09534,978.8261,611.39716,-1009.187,1265.6299,648.67804,-156.89958,718.5489,623.76,-993.19226,1300.2113,799.5829,11.621969,750.4328,856.9859,-996.8578,1338.2711,813.90466,-5.7395573,750.84094,915.50385,-1082.4414,1319.0,828.897,-56.333717,807.54285,905.952,-1084.6025,1288.8146,825.3902,-0.17187662,813.91034,885.665,-999.9056,872.55634,590.5782,161.77339,754.1403,598.8558,-161.14568,748.1136,619.3791,795.7086,567.76105,609.1239,471.41724,625.3953,571.28577,1507.371,416.16434,578.63055,1079.4852,600.87317,538.1814,1585.3251,386.97037,544.8431,1144.7491,621.29535,655.6799,1639.1422,391.0832,689.2136,1140.3477
image_001.jpg,pushups_up,442.95508,382.6224,-80.49231,430.49493,351.19785,-127.38066,432.9952,347.62625,-126.915276,435.42233,343.50378,-127.04137,429.21432,349.93512,-72.049614,430.09192,346.1438,-72.06963,431.27612,342.53574,-71.965454,470.71817,322.90695,-227.48164,460.93405,319.6977,32.92223,483.28174,386.1749,-107.340805,480.46344,387.8224,-33.40448,625.44214,433.12775,-387.7339,660.6037,376.09543,282.24686,573.6062,732.95404,-457.67505,651.6398,621.919,494.21884,497.43427,936.1656,-346.16846,533.67737,791.1509,562.8035,460.78586,972.02924,-415.92267,480.71378,810.9271,609.74023,453.49756,953.0919,-361.2087,476.18976,810.15845,546.73627,475.5334,938.2838,-327.41132,499.97354,812.9494,533.48157,1121.1112,621.07513,-215.79512,1106.4169,604.5567,216.19652,1464.6034,904.1379,-370.8592,1342.8359,772.7647,291.67816,1620.1001,555.3445,-100.43453,1563.0327,544.36163,589.3305,1591.6589,483.2514,-62.61444,1568.6863,495.50934,619.6517,1788.7806,510.145,45.658863,1697.0999,512.375,714.857
image_002.jpg,pushups_up,485.72528,565.22986,-259.14807,465.83734,543.7617,-307.10406,467.10892,539.2431,-307.1091,468.3165,534.4689,-307.2851,464.16583,547.4446,-240.83109,464.44675,545.30444,-240.75874,464.96902,543.4234,-240.41551,489.4838,511.3481,-356.82675,482.91916,521.2708,-54.661274,518.23065,557.28595,-266.20224,516.6798,562.182,-178.72011,634.04114,551.6984,-520.23267,667.14905,520.9353,271.62857,671.4999,770.42554,-698.12823,716.6385,714.933,282.12897,685.30884,966.2988,-785.8723,700.3144,897.0536,36.59934,649.0608,982.13116,-921.64984,655.8979,906.01514,29.115404,644.3863,974.1784,-852.29254,652.457,914.8606,-75.77421,660.7816,967.09906,-769.525,669.3766,915.1194,-16.552767,1050.7175,595.9505,-259.17993,1043.7399,589.9984,259.0917,1347.186,753.4609,-263.7792,1306.1332,728.9007,284.0036,1652.3087,813.1406,-213.87822,1592.0447,793.26105,450.05087,1726.309,800.5247,-234.45699,1658.8674,791.34283,455.92892,1594.2041,940.97424,-522.2029,1551.6288,918.411,294.44617
image_003.jpg,pushups_up,1231.4755,481.23758,-397.53903,1239.5757,462.42,-370.22394,1239.3647,462.97586,-369.96118,1239.3969,463.90396,-369.9715,1233.5042,454.7228,-422.66266,1229.4138,449.19232,-422.7418,1225.1464,443.83994,-422.84818,1215.1097,452.5747,-207.4132,1196.4454,423.75848,-446.03757,1205.2748,489.76233,-329.43768,1198.266,478.8249,-398.68964,1115.3894,514.8804,19.439035,1056.4668,441.18494,-533.3582,1152.8309,651.828,161.33926,1013.29846,593.3191,-589.25995,1170.9756,760.95215,46.89596,991.3719,764.92804,-589.08716,1190.8656,769.03906,17.266663,990.241,790.2411,-676.3191,1190.7325,764.8282,-67.164764,1009.5482,790.2243,-659.8965,1175.7872,766.0232,5.8602037,1005.99146,783.77496,-584.06213,824.3567,579.1674,161.97476,792.2511,530.95575,-161.43626,692.11487,657.6127,583.22644,601.2115,598.01874,89.79327,572.4937,656.4756,1153.4103,424.01807,647.5361,455.0361,548.19855,650.21063,1205.122,387.92395,649.123,480.27866,555.0807,685.6967,1149.5785,414.54745,704.1734,315.4017
image_004.jpg,pushups_up,477.3837,176.54816,-680.73206,485.60858,149.32211,-685.4066,493.12555,146.4451,-685.51807,500.7138,143.47818,-685.6514,467.25504,154.52583,-662.5814,461.624,155.33513,-662.60974,455.90137,156.28918,-662.48694,526.1311,134.01022,-623.95654,464.7646,150.91246,-517.07043,503.37204,181.38126,-652.58356,481.1296,188.66853,-621.7175,633.8834,197.18993,-551.8371,470.65277,202.64978,-401.75574,678.8271,360.57227,-582.66656,477.1843,334.22083,-349.6543,674.1009,502.73654,-622.70123,451.53244,453.1375,-388.97086,688.8107,532.4634,-682.36084,430.18857,470.26434,-402.40576,665.24976,531.74817,-696.5001,434.78235,474.37817,-447.11832,654.1032,517.82446,-631.0157,452.2435,468.83063,-409.64328,658.4226,315.9416,-45.44167,585.6826,318.38394,45.677624,738.0971,352.09952,291.3962,635.04736,355.06613,430.44504,803.6112,341.77567,627.61304,691.3511,368.301,807.4256,812.20764,333.8569,662.0552,702.51416,364.06793,846.1851,819.94995,367.6276,595.54504,694.88354,398.8311,807.35724
image_005.jpg,pushups_up,1724.751,565.2023,-66.10612,1758.0664,539.4206,-54.650154,1758.0635,536.39166,-54.49855,1758.3109,533.7355,-54.940365,1754.7052,536.7297,-131.50105,1752.9651,529.7608,-131.89088,1751.1262,522.86993,-132.28635,1732.3491,497.23993,60.931046,1722.472,483.0508,-269.88818,1680.8871,557.05695,-7.700065,1678.0487,550.0118,-104.80017,1489.4698,480.53635,294.2322,1513.838,472.59045,-407.59174,1309.1484,610.45013,481.91592,1383.6625,733.2281,-450.3961,1334.616,754.0612,364.48486,1477.3397,951.8665,-457.4499,1366.0731,771.21,367.909,1517.708,995.4241,-564.5524,1389.769,800.2883,281.15918,1543.5679,974.2269,-538.0268,1374.6648,796.16016,322.59885,1521.372,956.91785,-449.85278,995.39386,539.6736,221.93896,980.2937,529.3486,-221.26297,616.3739,629.82526,247.35559,596.1649,648.9743,-119.82451,269.30634,677.2144,407.38742,214.14458,708.9882,37.306114,208.4799,648.3482,415.36926,150.13486,673.9007,38.406815,220.86826,811.08276,258.21854,167.51492,872.9792,-153.76814
image_006.png,pushups_up,273.99402,421.5121,-522.81445,270.85797,379.64612,-586.5055,276.79706,372.553,-586.41254,282.57474,365.17105,-586.36194,264.1224,388.54675,-505.89746,264.62363,389.2067,-506.1041,265.32083,390.28452,-506.46323,329.29877,331.8372,-690.98004,303.08127,366.0938,-332.7642,319.127,416.3348,-546.7563,312.03284,430.97318,-441.95963,562.6587,378.62387,-746.80695,452.12057,412.62097,-80.95074,728.92206,638.45074,-711.8214,539.22394,614.82355,78.247856,738.6846,910.0737,-701.4071,521.8985,832.3136,28.245424,737.79584,956.82275,-832.25024,490.43744,862.72766,-5.4675217,692.0704,951.29254,-803.231,482.26932,866.0051,-94.09542,696.6343,931.35,-700.28503,508.11542,855.2458,-16.417143,966.66956,510.56924,-220.07211,899.27356,531.0683,221.06113,1215.1307,636.7752,166.10233,1154.3373,644.30005,507.3071,1465.5166,707.4937,584.82367,1393.2277,702.3822,868.71,1521.7192,690.33887,612.3654,1447.3839,689.37445,903.4279,1458.3995,834.5717,424.10706,1385.7257,819.6401,792.61176
image_007.jpg,pushups_up,1023.7137,531.4932,-1342.8479,1046.2882,508.451,-1328.1431,1056.8439,510.84772,-1328.0906,1067.7427,513.5163,-1327.9181,1016.4229,498.5229,-1336.4475,1005.655,493.63913,-1336.4081,994.77155,489.04355,-1336.512,1078.8993,517.60657,-1100.9333,978.78186,479.0362,-1133.2264,1034.107,554.3313,-1243.78,998.87494,541.13257,-1251.6449,1096.3972,574.219,-763.515,891.32874,541.7646,-984.56036,1098.6227,717.9874,-591.1931,801.01013,695.9357,-1018.99817,1112.1924,872.92163,-651.9559,783.1412,872.1738,-1132.7976,1140.1536,904.6503,-727.8339,760.7983,909.0684,-1270.9506,1127.1799,904.6255,-803.43396,802.49426,918.64294,-1287.0105,1104.2289,898.34686,-688.66815,811.56683,905.44446,-1150.6821,920.51587,673.7429,84.43506,831.74725,653.61633,-84.11737,860.7339,721.35736,777.3866,767.9098,702.6604,537.07086,809.5498,716.95605,1564.843,724.6288,709.6741,1275.2003,796.75806,704.6647,1646.218,715.88495,700.7455,1349.3102,812.9034,779.44446,1560.5674,710.1471,767.9712,1228.813
image_008.jpg,pushups_up,1158.5063,395.41577,-1154.6045,1184.4823,355.39395,-1141.0876,1193.6879,355.49734,-1141.406,1203.468,356.04883,-1141.639,1152.9489,344.75333,-1175.077,1140.391,337.5611,-1175.4618,1127.7169,330.63416,-1175.8102,1199.2816,337.13803,-930.7577,1096.8861,298.05264,-1079.5612,1153.256,411.7918,-1058.6461,1119.0734,397.58267,-1100.6846,1195.2917,405.92203,-680.04785,904.02057,352.87335,-965.3417,1171.6002,620.4067,-467.8008,762.8684,612.4536,-992.53516,1210.8843,843.33997,-532.1095,712.14624,860.3807,-1053.0219,1259.2246,881.77313,-601.45953,679.67993,907.49854,-1181.4497,1242.5012,887.33215,-681.529,731.6802,911.2086,-1204.9103,1206.2999,877.5169,-569.2953,749.876,896.2396,-1075.14,919.55457,573.1907,106.18764,781.3199,545.17413,-105.66163,857.3092,641.3944,734.9998,705.87805,617.07855,541.07874,786.60785,653.5616,1384.2153,654.5792,650.64734,1194.9813,772.66125,640.53894,1450.5377,643.2353,636.62335,1257.2308,792.595,725.2142,1360.564,659.1709,738.7285,1133.1327
image_009.jpg,pushups_up,1266.5221,473.41663,-1288.0636,1288.8169,425.49008,-1275.1549,1305.4005,420.42133,-1275.5487,1322.6119,415.872,-1275.6732,1238.3597,430.85544,-1275.8914,1219.1749,431.63904,-1275.8994,1200.0499,432.48813,-1276.2767,1339.7361,415.56226,-1074.1414,1172.9346,429.19785,-1076.5765,1292.0103,501.34467,-1203.4736,1233.65,507.92114,-1199.7808,1402.0009,515.72766,-821.47687,1014.9731,481.87335,-920.45654,1495.4846,678.33435,-676.20197,785.2164,633.0655,-965.23566,1493.9562,916.2643,-806.1667,800.1361,889.291,-1079.4706,1543.615,957.95544,-869.3648,793.30707,960.1618,-1193.7194,1511.4906,973.3728,-931.9899,852.1245,938.1381,-1213.4952,1467.5468,969.9881,-835.79364,862.6033,921.6973,-1097.2554,1036.5695,708.45123,91.821724,880.7436,661.9046,-91.752686,895.82526,741.53265,800.805,781.35736,700.20294,610.7603,804.6883,742.27106,1493.2668,704.35565,715.4298,1252.0194,796.6813,721.0747,1561.4263,696.51447,697.2283,1314.9672,783.15894,802.5528,1463.7932,708.62134,803.71783,1196.5024
image_010.jpg,pushups_up,1302.8724,700.0084,-625.41205,1330.0859,672.0381,-621.7698,1332.8374,669.1771,-621.68036,1335.8696,667.0471,-621.92834,1317.4478,667.4154,-677.35736,1312.2289,659.979,-677.6828,1306.8099,652.54724,-677.6479,1316.803,620.64514,-499.02667,1279.4163,600.2403,-736.3664,1268.6338,683.45483,-559.07874,1258.5332,677.9083,-628.0733,1244.8276,568.34283,-291.27344,1015.215,537.8035,-709.3332,1271.8527,732.7503,-45.40908,763.0135,702.9402,-745.5871,1278.2057,921.70154,-90.53683,784.3139,932.4976,-756.24896,1318.3414,958.0552,-138.04239,791.42786,988.22266,-859.2345,1297.9626,974.0156,-221.95448,844.45544,969.21533,-866.752,1261.0972,959.66077,-132.05048,842.14374,949.8781,-766.069,728.03906,651.4193,172.53421,613.37067,625.10657,-171.83017,485.8862,713.90564,591.56274,362.1395,723.46136,256.65005,266.46417,724.07184,1114.9585,131.15625,767.6599,668.15424,219.6169,696.2701,1162.2455,85.685844,740.58655,700.3439,242.86055,838.72046,1089.3073,107.251015,905.11053,577.8607
image_011.jpg,pushups_up,1028.4331,486.51874,-1105.8412,1043.5859,463.60544,-1079.2634,1048.3429,463.30093,-1079.343,1053.3407,463.4621,-1079.4008,1025.7444,455.48355,-1123.8152,1018.4083,449.33508,-1124.0286,1010.9281,443.3812,-1124.2267,1045.0668,441.20007,-854.8913,989.90344,411.35263,-1055.5754,1016.2815,488.8385,-1007.7493,999.34814,478.64523,-1065.2703,1040.5199,453.61755,-607.79144,846.218,422.54874,-954.5794,1043.0715,599.79407,-370.4308,755.5729,588.6707,-1042.7871,1057.9192,740.33,-373.871,731.56506,749.64435,-1099.5521,1089.6117,764.2983,-428.19003,720.49005,779.15216,-1210.3011,1077.977,766.7922,-497.2914,752.93304,777.5172,-1216.0162,1051.4491,758.8846,-402.40067,759.2834,769.4639,-1113.2529,816.08234,521.4767,117.75053,723.17725,495.5292,-117.480545,740.5295,611.1721,696.06494,675.9219,564.14124,495.5396,665.41266,636.5577,1393.1842,623.7632,613.6379,1195.3517,651.0,628.4517,1463.8539,609.35443,608.7802,1260.0082,660.48315,698.01666,1360.4813,626.03937,683.4584,1121.275
image_012.jpg,pushups_up,1322.9203,460.9813,-377.40622,1368.0609,443.59995,-360.62332,1368.1892,447.8221,-360.43427,1368.625,452.42648,-361.21213,1364.193,420.77658,-428.03897,1362.421,404.88055,-428.3892,1360.2463,389.10648,-428.02603,1334.2603,407.51904,-194.23265,1323.2319,321.14758,-488.72614,1263.4313,452.47357,-299.2191,1262.2975,419.15762,-385.19016,1152.3064,392.62643,-54.895103,1006.83466,271.21426,-585.1036,1097.2362,649.4759,100.74717,874.3733,664.8156,-622.4743,1147.9038,926.47064,-49.942383,985.0728,981.79816,-635.31555,1194.3816,977.8156,-131.31328,1018.4087,1066.8344,-758.79376,1201.7329,990.2834,-215.52206,1074.1648,1027.8593,-769.2377,1163.1189,966.03925,-98.83462,1055.2505,1004.76605,-649.765,433.08615,584.82416,175.36574,326.20743,518.49854,-172.84906,207.47644,673.96173,602.2271,89.63029,666.95966,331.81787,1.5465212,656.3953,1111.1299,-104.749695,737.2725,818.6227,-51.931545,621.26245,1161.8732,-162.09816,706.2732,860.78375,-59.681282,777.30774,1073.3284,-139.70914,884.8866,726.6258
image_013.jpg,pushups_up,1029.917,410.65057,-1064.0646,1036.6104,381.93433,-1035.4735,1040.0831,381.20602,-1035.5865,1043.9196,381.07672,-1035.7781,1018.79425,376.55994,-1087.0614,1009.7283,371.639,-1087.198,1000.5979,366.89566,-1087.3612,1015.71545,362.90268,-806.18866,958.6362,340.46814,-1034.2117,1010.18933,418.83713,-963.5413,990.10065,409.11594,-1028.8245,957.24097,385.63257,-552.50134,779.0829,375.60626,-938.7839,923.8445,534.7272,-291.1521,631.88086,537.4023,-957.90515,965.15466,696.37537,-310.698,643.4996,747.91,-973.0105,995.17413,722.49457,-339.8699,633.3401,792.88586,-1065.5627,993.85913,736.5356,-412.17813,673.20435,793.0493,-1066.2432,966.1775,730.9045,-340.04877,676.3094,776.2729,-979.3289,708.18744,477.47284,134.77797,617.4004,471.87988,-133.75,660.6378,546.6856,807.396,561.7335,535.04236,512.03973,588.29333,564.72156,1506.1637,504.88678,572.5098,1191.1986,565.9951,550.07355,1577.9069,484.30582,560.8537,1256.4513,615.2767,636.8031,1509.2069,530.4065,649.58923,1139.5587
image_014.jpg,pushups_up,429.0911,323.26013,-1066.2722,426.99686,279.79056,-1107.4639,436.1029,273.8527,-1107.5117,445.16312,267.6798,-1107.7975,410.02332,284.70148,-1052.543,406.62408,283.24033,-1052.556,403.42963,282.3016,-1052.6019,492.41507,229.89992,-1122.5978,434.76984,250.92679,-883.68713,483.72662,316.28827,-1058.1848,464.72885,326.7403,-987.0652,769.1912,259.17172,-1085.084,530.0586,264.77145,-626.671,995.961,524.409,-1076.1641,594.5306,491.92242,-332.15622,1056.3248,836.48865,-1137.2242,575.03656,719.51373,-318.60114,1074.84,885.723,-1297.477,528.1671,738.2535,-377.10962,1015.8719,902.1636,-1274.3193,525.854,751.3066,-464.15997,1011.5503,877.3873,-1137.8987,567.8912,745.61304,-355.4595,1080.039,339.793,-150.67412,971.5139,346.12744,151.53474,1229.0864,416.4273,541.64825,1108.6034,439.8865,819.0426,1352.985,404.80106,1286.662,1285.5455,441.4821,1492.9492,1384.8013,379.22784,1358.2236,1320.2938,420.56732,1564.023,1335.1978,505.215,1266.7065,1299.983,534.0972,1520.5951
image_015.jpg,pushups_up,631.28827,512.92145,-1631.9672,642.5011,471.12216,-1659.1437,653.3884,465.58575,-1659.2267,664.1644,459.89148,-1659.0162,620.3068,478.73657,-1581.8071,615.34326,478.11316,-1581.6461,610.5328,478.1075,-1581.723,708.2451,424.7469,-1561.8995,635.3325,452.70874,-1202.9194,678.7873,510.07135,-1581.9006,655.5092,519.08,-1477.0859,943.90186,463.69308,-1457.6785,683.92535,495.89853,-803.0845,1053.4583,739.1354,-1590.79,687.78754,703.4171,-556.73157,1019.54425,982.8763,-1702.8295,650.1163,912.2675,-724.99695,991.55145,1021.7678,-1899.7482,588.7834,926.9165,-801.52954,946.955,999.6487,-1880.8104,592.1192,937.38855,-927.4052,950.73267,988.4158,-1708.9252,634.0156,936.8726,-781.9798,1169.9454,600.33936,-224.12506,1044.7676,624.66376,224.69543,1290.6946,732.18,534.08417,1183.4537,739.32306,1049.8431,1427.4432,757.617,1371.5194,1321.9126,770.84753,1948.987,1454.7578,741.277,1456.2103,1352.3812,755.71564,2039.4163,1442.1536,849.8095,1334.0735,1350.9686,853.08923,1942.9967
image_016.jpg,pushups_up,516.397,709.7382,-88.19136,493.7489,687.2517,-140.94473,495.1933,682.8012,-141.58195,496.65732,677.96185,-142.64488,490.72644,687.5412,-80.03523,489.88477,683.3431,-79.70041,489.33893,679.0562,-78.83206,517.71515,643.58246,-250.49811,505.74637,646.10046,29.551527,551.08,697.32324,-114.663895,546.96735,698.8919,-34.382755,684.9234,654.5939,-367.87418,701.2427,603.6648,262.99045,712.84033,886.9301,-460.11826,768.3657,775.2741,364.74432,712.16534,1112.3566,-361.76346,763.16644,928.5705,240.07193,663.9786,1154.591,-424.8842,714.24115,935.6155,242.04086,655.15375,1132.4692,-359.0029,707.4296,948.9052,177.2504,674.1088,1115.1948,-337.45972,727.9559,954.19025,205.68773,1106.5413,679.61536,-183.54353,1101.3595,657.78296,184.4286,1400.7239,750.6978,-5.253167,1401.2046,724.0317,285.93204,1690.8534,772.53357,193.14279,1674.1067,756.6251,450.8178,1747.0231,748.16626,203.29956,1729.6758,740.05634,462.3719,1702.7898,859.88654,81.83187,1692.6348,837.60144,361.8713
image_017.jpg,pushups_up,1243.917,317.8915,-985.90094,1271.6903,294.4814,-944.39325,1275.9294,299.75378,-944.40125,1280.6024,305.51782,-944.9339,1251.0973,271.16135,-990.2726,1241.297,258.38846,-990.77014,1231.2803,245.7682,-990.9982,1242.2657,288.44858,-713.1483,1178.9175,206.46768,-908.2664,1201.4456,336.08234,-890.41125,1179.2601,303.12146,-946.5523,1143.139,335.23007,-465.2119,867.10803,248.35918,-938.3062,1229.3995,580.804,-266.79553,694.3934,595.9457,-932.2691,1278.5768,831.7186,-344.6681,638.8171,896.1593,-933.72235,1331.4872,881.0072,-417.00616,613.1084,962.6633,-1066.4476,1314.0315,892.51465,-508.3085,670.7815,962.2468,-1099.0624,1267.351,876.5154,-390.8748,676.07336,939.2774,-956.3876,672.1445,519.8231,159.62936,531.9271,461.79587,-158.81226,515.88525,665.73816,726.96497,377.15445,610.0694,483.83694,366.22842,690.90967,1411.0944,259.38687,693.37616,1170.5186,330.9685,671.9124,1478.0406,222.95432,681.93475,1228.0974,344.8355,800.3275,1356.2003,261.01605,816.13184,1049.7233
image_018.jpg,pushups_up,1214.7302,343.45483,-1069.0626,1245.9468,306.6105,-1045.709,1252.1487,309.58804,-1045.6991,1258.8519,313.1717,-1046.064,1220.4083,287.32324,-1091.0944,1208.6838,275.13724,-1091.5731,1196.8197,263.0982,-1091.7738,1227.6908,288.68143,-841.90436,1146.977,219.44128,-1034.0354,1179.204,360.19177,-978.31665,1151.5133,333.22064,-1033.9001,1151.0653,350.57306,-581.348,858.3359,266.01358,-1027.852,1239.7136,614.9247,-416.22986,720.42267,629.0611,-1046.4132,1295.2771,859.6691,-506.31854,704.8216,926.5529,-1039.5447,1353.3281,907.62805,-583.24506,690.9962,990.6992,-1171.8068,1330.5006,910.301,-667.6944,745.8651,984.9805,-1192.7054,1282.6311,894.4057,-548.7669,748.15686,964.1445,-1056.9999,697.1948,516.6678,157.89856,553.3446,453.4589,-157.40384,511.48407,674.39746,668.97955,393.27814,616.1258,423.4766,350.38492,701.6879,1311.9921,257.70508,709.6754,1040.7354,312.80215,683.26135,1372.8392,214.93524,699.2338,1089.8052,326.66245,808.2934,1254.6937,266.34827,841.1653,919.216
image_020.jpg,pushups_up,659.5895,415.9283,-991.44073,659.7027,389.63406,-1019.22864,668.4667,384.02298,-1018.9425,677.14386,378.3521,-1019.07983,638.59314,397.44604,-971.1042,631.82294,398.2146,-970.8719,625.5334,399.31613,-971.00586,709.01227,349.63553,-1019.68243,637.49347,375.31042,-793.7451,701.0005,404.64844,-979.76184,678.88165,417.3926,-913.33997,892.7677,344.14627,-996.934,686.13586,349.4937,-575.1229,927.51624,633.01337,-1056.4681,659.3697,570.4367,-406.4164,899.28876,871.4606,-1136.9199,634.8615,787.17993,-540.62427,905.2809,935.3209,-1287.0721,591.3754,821.18024,-614.7828,855.47363,912.906,-1287.5723,604.9852,827.91376,-721.07465,853.25793,891.4076,-1148.4341,637.8038,815.98346,-590.3925,1157.1917,348.43912,-150.57042,1055.4357,356.04633,150.85052,1256.3597,404.63403,451.52515,1129.9182,414.05173,774.18427,1370.7864,428.4002,1099.4209,1251.5061,428.86728,1442.8793,1394.7856,415.42844,1163.2446,1274.835,418.3007,1509.773,1387.3176,504.78192,1119.0548,1277.4686,488.3168,1492.9285
image_021.jpg,pushups_up,940.2931,633.32855,-833.7147,951.5722,620.4909,-849.3669,959.11365,619.4979,-849.10614,966.65137,618.5231,-849.3292,934.87177,618.2692,-826.4138,930.056,615.6895,-826.2467,925.69025,613.08685,-826.1424,998.10986,599.1842,-838.8867,939.75757,590.57477,-724.4455,972.2384,626.1412,-818.43787,955.4287,625.3116,-785.2524,1138.3024,582.25244,-722.76416,945.51025,508.86685,-505.8839,1248.0704,713.48,-659.2492,919.20306,610.45636,-225.26486,1249.555,866.0894,-719.72595,885.66394,743.48663,-212.03015,1265.0638,897.7651,-803.00665,857.6346,764.8418,-235.6682,1230.3901,896.42944,-832.253,867.9185,771.887,-293.61502,1222.7878,881.20166,-734.668,893.2334,768.84485,-230.06151,1235.0078,496.34134,-92.02193,1153.99,454.36282,91.93728,1247.9316,527.9058,466.5504,1138.2031,473.41223,668.254,1256.8823,481.6866,1122.6752,1181.3712,447.73172,1319.9952,1259.9867,460.54974,1195.8077,1191.1172,434.73593,1393.0266,1237.5293,528.10065,1242.7241,1167.5236,475.83832,1430.2933
image_022.jpg,pushups_up,857.1429,157.39772,-1474.9685,881.7549,101.199005,-1465.4346,899.48724,99.14266,-1465.6935,917.7357,96.97706,-1465.6304,827.377,99.5656,-1467.1945,808.0936,96.76673,-1467.2588,788.8631,94.16912,-1467.2325,937.53204,85.90505,-1218.3323,756.3762,81.443436,-1219.7455,884.9493,183.73401,-1367.9603,822.07794,181.18373,-1367.7203,1050.0758,243.60693,-975.03436,608.9528,224.20119,-983.48267,1130.4012,539.96875,-978.08374,528.83307,550.6683,-1021.3908,1211.3146,815.4822,-1090.3756,451.98172,837.7954,-1089.1697,1264.2063,865.4511,-1169.3021,404.53824,887.5905,-1142.3989,1223.3187,864.93726,-1233.9365,437.37628,894.76385,-1206.8823,1184.4965,850.48425,-1121.7424,477.02512,878.97595,-1117.1531,876.4545,539.15576,13.540185,681.563,524.24036,-13.370083,836.7784,662.2597,796.1313,664.49274,660.5425,693.7523,801.46967,699.6067,1572.3203,657.81006,695.1394,1508.7673,788.91425,690.52747,1648.8256,657.1436,683.1492,1590.2441,802.5265,784.2828,1469.2747,657.3679,786.4859,1405.4113
image_023.jpg,pushups_up,719.1642,372.8578,-616.70337,707.20184,350.40387,-666.0623,711.2619,345.7495,-666.1281,715.30273,340.97382,-666.2209,700.86865,351.05453,-605.4226,700.433,349.13193,-605.34106,700.194,347.45935,-605.7315,748.09717,305.98785,-769.6491,726.0211,314.4861,-489.61963,758.631,358.19244,-640.70306,753.4729,364.70715,-557.75507,976.06757,282.0121,-742.5604,823.2352,251.34183,-269.8661,1160.2401,399.98755,-655.70966,912.8901,360.65314,120.2986,1098.0543,566.9594,-596.8345,877.7498,511.9857,215.92699,1088.0381,605.75073,-696.3562,845.58295,532.0831,202.49815,1039.2051,596.7681,-685.43097,839.81177,544.4747,128.5628,1037.748,579.0003,-597.7111,865.60486,536.6373,187.8516,1242.7611,294.90973,-181.26877,1165.5254,278.2228,181.83176,1413.1843,353.79465,314.58377,1342.7206,337.1126,667.4704,1559.4688,367.5021,865.8209,1480.8813,349.8232,1190.4814,1591.5543,347.09546,916.23785,1514.35,329.4241,1248.5018,1547.4532,473.15936,848.076,1474.5702,443.43137,1235.9061
image_024.jpg,pushups_up,1310.237,363.38275,-76.57377,1337.1808,347.24997,-75.6428,1336.2964,342.51514,-75.396736,1335.6519,337.94748,-75.26499,1337.521,350.20148,-136.7479,1338.0863,346.6582,-136.93866,1338.5369,343.2122,-137.6786,1322.9596,307.50763,11.763668,1325.771,312.03696,-260.7782,1280.837,350.64044,-29.927673,1283.2269,351.51062,-108.32673,1161.4475,290.89893,231.82892,1192.919,313.14218,-412.86548,1180.2764,527.0877,295.43924,1212.8978,574.3553,-481.0312,1230.6719,709.8963,191.60225,1268.6473,802.85144,-430.914,1275.4279,718.2272,193.25766,1308.1832,829.5783,-508.17563,1279.6538,727.9388,114.11372,1318.1888,819.54913,-463.88568,1262.7083,731.9415,155.15204,1298.3088,811.8748,-411.56677,760.17975,438.28833,204.27733,750.0921,441.80902,-203.89177,560.1413,616.5815,342.9848,470.73273,579.3436,-106.38282,314.10025,629.8161,643.8417,176.40726,660.13477,20.876026,262.77908,608.5433,665.651,114.29347,649.3851,13.769391,289.7462,727.5124,600.1578,174.79594,781.89545,-160.04874
image_025.jpg,pushups_up,1238.4329,376.47705,169.71944,1255.3464,360.39285,187.27908,1256.2898,355.7929,187.55814,1257.3273,351.16956,187.26527,1252.1654,365.94968,129.5645,1251.3755,364.471,129.69263,1250.473,363.0375,129.68842,1248.9366,331.38315,229.51518,1241.447,347.95395,-26.369164,1222.2057,370.57788,197.09763,1219.1631,374.89832,122.77198,1124.5839,294.9839,376.27225,1177.9481,374.33878,-209.05518,1056.0756,423.30148,565.4643,1122.7239,527.2444,-260.09628,1062.1229,520.6305,571.3392,1134.6066,654.1798,-161.49588,1077.5122,523.7993,594.974,1156.073,674.5148,-189.95743,1088.3868,537.2492,537.95105,1164.9062,668.1669,-151.62302,1083.1111,543.49445,551.4454,1150.7986,661.3965,-138.5728,872.093,396.2164,178.18413,896.90015,439.8412,-177.59984,690.79694,472.12216,310.9098,689.6892,517.81854,-82.54834,489.90387,511.7248,453.73926,474.71207,554.14886,-13.328498,448.65567,503.0089,465.07846,433.5393,539.82495,-10.913451,488.0161,572.6347,429.07208,465.23096,626.44507,-83.3234
image_026.jpg,pushups_up,1222.3508,485.20166,-1086.5219,1245.9446,455.8728,-1080.6686,1253.3517,453.67526,-1080.7186,1261.2554,452.07248,-1080.9952,1220.9432,451.19543,-1119.7806,1211.3058,446.3721,-1119.8649,1201.5852,441.6319,-1119.8151,1257.5483,427.8278,-904.8172,1177.6879,404.61893,-1081.7313,1210.6709,488.6614,-1004.79224,1186.7435,483.38596,-1054.2444,1252.9926,422.19635,-671.6364,984.83154,410.78854,-971.3468,1233.5187,629.39856,-501.79327,871.0584,663.36664,-1024.6134,1174.0399,860.7783,-628.9455,965.3434,883.99524,-1081.6365,1200.0997,906.1626,-716.041,984.23083,933.57275,-1213.4946,1172.2446,897.4612,-784.913,1035.4261,904.0929,-1212.7632,1141.487,885.881,-662.4076,1029.0383,888.5646,-1095.9857,932.7645,534.1441,144.46738,806.39105,526.6022,-143.51851,847.90063,584.39856,820.695,711.43195,608.57806,454.2211,750.0925,576.5367,1457.362,586.38385,545.50635,1056.2655,725.01044,552.1803,1523.7762,566.50085,512.9486,1120.4851,763.9925,671.9339,1491.9563,565.0389,627.0601,1074.7606
image_027.jpg,pushups_up,510.38647,436.17072,-852.0714,512.7019,408.96634,-893.43024,518.9297,405.63037,-893.4271,525.0819,402.14066,-893.1907,500.21396,411.39575,-842.1563,497.5362,409.7224,-842.1853,494.94928,408.55646,-842.4306,554.43677,373.47543,-907.4585,511.2618,386.98398,-667.0021,542.1123,433.90683,-840.5916,530.3455,437.50226,-769.8037,712.089,387.1479,-858.42633,552.4958,402.11475,-418.8116,780.3712,587.3191,-901.03015,562.05347,545.58984,-198.73755,744.2492,738.1409,-942.1593,532.60913,682.24347,-260.48236,731.9007,765.08044,-1055.5934,497.0452,694.0661,-294.6185,697.90717,747.3287,-1051.7583,498.42847,700.0498,-361.3378,700.6353,741.51154,-948.5155,525.28876,697.98676,-288.99847,929.5426,493.00992,-166.42506,852.607,503.70892,167.00452,1042.1024,545.03754,388.98297,986.9635,537.888,687.04456,1175.1708,561.7293,873.53204,1090.4503,545.4757,1247.4034,1204.8632,548.56274,913.6818,1114.7574,536.67365,1306.5331,1160.8114,636.1629,761.28687,1080.8069,604.897,1238.4305
image_028.jpg,pushups_up,334.34384,463.19687,-93.185974,330.444,433.14844,-147.29527,334.10965,430.76846,-147.15567,337.5773,428.01233,-147.2619,328.54718,431.70032,-86.10608,330.8055,427.4749,-86.19254,333.3147,423.49487,-85.83345,375.95633,407.5009,-240.2303,366.4991,404.18198,37.11298,368.4851,469.07693,-114.82537,366.55533,467.9632,-34.92135,526.002,476.85495,-342.17456,572.68463,434.26456,281.811,539.9068,727.75183,-379.99335,616.2064,659.23553,319.2009,543.3946,982.0752,-415.78952,590.1036,865.1269,224.75546,498.17694,1004.5095,-516.81146,530.7467,862.30206,250.52045,490.67947,993.2966,-437.12143,529.8964,878.958,160.27069,508.29358,986.27014,-394.8942,553.45233,885.23645,187.79813,992.1219,520.7995,-204.23769,991.5677,507.1137,204.59326,1315.2279,708.1273,-144.35477,1300.2628,676.1737,173.16992,1636.3479,825.62213,-80.27286,1628.3411,777.7655,236.80125,1708.6737,813.806,-85.48052,1705.0134,769.47205,240.0749,1584.5127,934.4268,-248.5932,1589.6814,914.99884,133.76457
image_029.jpg,pushups_up,364.17896,487.27798,-817.6029,364.2676,442.07303,-874.2766,372.1003,434.86368,-874.1915,379.76013,427.48294,-874.22534,352.53986,450.97607,-795.122,351.39203,451.04968,-795.243,350.57324,451.55154,-795.8191,423.93546,380.53537,-951.3601,381.5256,415.80673,-589.78735,411.48227,475.39648,-830.8984,399.71344,488.10632,-724.8758,700.8713,360.21982,-933.0279,469.42136,438.20065,-376.2531,940.2758,612.6471,-919.9961,507.12952,614.2158,-139.5781,905.1023,901.3101,-962.4851,431.9236,794.0643,-238.73576,908.5287,963.6674,-1109.4803,384.37796,818.5419,-297.7043,838.77875,957.6751,-1101.3251,378.0307,824.77783,-391.1634,832.3772,934.0144,-971.9426,414.47522,811.52155,-284.48953,1078.6304,462.68307,-211.08832,967.5378,507.36667,211.72324,1293.0272,534.0493,325.9688,1190.0698,573.96423,650.851,1483.309,526.0628,900.38947,1384.7566,568.6347,1199.055,1529.2765,494.27173,947.53076,1433.2355,537.9736,1256.7665,1480.9792,651.0112,805.57465,1387.3633,696.53156,1181.995
image_030.jpg,pushups_up,1499.6487,490.17404,-247.97452,1516.3677,467.9359,-221.05783,1516.398,463.4638,-220.82709,1516.5265,459.28763,-221.03506,1509.7719,469.53424,-286.59232,1506.2412,465.437,-286.6498,1502.5472,461.34552,-286.78845,1485.0647,427.5242,-96.80573,1469.3726,430.40222,-382.20508,1459.328,480.3052,-189.86443,1454.7521,480.6376,-273.10965,1312.9521,374.40405,118.58062,1264.6399,436.9892,-473.20584,1238.2745,552.92395,315.7299,1134.2191,634.19196,-426.39594,1234.8116,739.85657,123.4457,1148.7614,875.07886,-319.56882,1284.2269,746.8538,66.990486,1190.5247,919.3649,-410.78436,1289.549,769.6135,-41.067017,1222.9106,902.52435,-365.0217,1259.8123,777.72345,73.31283,1198.1328,882.3466,-301.3866,870.1417,427.8807,180.53763,834.2934,460.23035,-180.62917,614.11615,502.35617,523.88354,568.6387,550.23883,204.84659,368.16498,531.52997,857.7384,322.8972,592.34033,518.65186,315.00476,509.40204,892.5429,270.33017,569.62994,548.16943,350.8117,629.02057,854.45526,319.95935,696.6725,471.6996
image_031.jpg,pushups_up,1530.4673,592.3627,-769.4259,1549.947,550.0283,-757.4605,1549.1743,545.22406,-757.28406,1548.4739,541.2234,-757.43604,1540.268,550.6641,-826.6889,1533.3193,544.3333,-826.8878,1526.1564,538.2702,-827.3796,1502.8492,492.29053,-579.7751,1473.955,490.0722,-881.47675,1478.6995,583.05835,-681.87067,1471.4283,580.43225,-768.476,1345.2452,418.21124,-295.2484,1184.5334,495.77692,-844.46045,1269.3615,519.5007,139.27147,940.1823,615.8554,-760.666,1335.5105,704.131,302.207,993.3007,879.4864,-711.1477,1398.904,709.0446,319.67236,1021.35114,928.97736,-808.50635,1394.1604,736.934,228.3941,1070.7499,902.96295,-789.14014,1352.4447,742.00165,268.43768,1061.5896,881.4857,-707.99054,913.7897,456.67422,197.73625,817.40314,492.4654,-197.38089,740.0631,513.78046,731.955,568.61523,541.8783,328.9086,577.6159,484.56354,1360.3373,356.5448,540.01074,836.5421,523.9007,451.5909,1430.3058,299.6703,520.1479,882.6722,606.4718,626.4961,1493.0934,380.46,656.6039,835.3015
image_032.jpg,pushups_up,658.87146,197.77357,-750.72614,671.16754,141.39705,-800.5446,683.45264,134.11707,-800.8645,695.75214,126.55773,-801.1975,651.21826,151.31467,-724.2903,647.65967,153.01022,-724.4422,643.9929,155.37776,-724.55304,764.0191,100.430504,-862.69977,691.35864,138.36789,-524.2243,720.63196,206.56436,-764.36896,694.9917,223.24933,-666.1523,1072.6549,194.21599,-841.8711,807.2013,264.1775,-361.31784,1323.5499,472.52866,-869.1406,871.9127,507.4001,-162.45218,1249.206,806.9768,-864.90967,789.01984,744.7568,-180.34944,1247.9923,889.4187,-968.8819,742.5353,786.7111,-191.5023,1188.57,869.35944,-972.33405,725.52094,790.1256,-272.5824,1184.8599,836.6768,-875.4609,766.70166,778.0386,-218.93677,1398.3179,473.28217,-159.54709,1256.1464,505.6637,160.61522,1559.2202,610.70544,389.03912,1413.7689,611.2618,715.7495,1692.604,672.628,1000.2473,1552.2399,645.1229,1306.005,1730.5636,663.53577,1051.6403,1590.4072,636.6979,1367.9585,1673.2893,790.9642,901.91974,1545.4193,737.7579,1294.9005
image_033.jpg,pushups_up,1045.8346,228.41516,-1389.7897,1090.0836,152.4809,-1391.2842,1115.6257,151.91899,-1391.2463,1141.8098,151.45442,-1391.1383,1021.7495,145.3687,-1382.0472,996.02356,138.8507,-1382.1876,970.4426,132.80922,-1382.0751,1175.1124,146.97107,-1172.4095,938.2068,117.13669,-1121.8425,1090.2362,266.22208,-1291.4691,1000.80676,253.85674,-1275.7657,1312.5273,312.7164,-894.00995,764.24945,237.95181,-913.34357,1389.1613,567.8632,-830.99963,551.41797,511.31204,-1028.6086,1428.0413,858.50635,-964.10144,528.5929,822.5794,-1162.7084,1485.418,924.37585,-1004.8248,500.70758,896.3167,-1244.1241,1444.1914,934.3171,-1062.4415,557.79407,906.3783,-1249.2628,1397.0208,909.56903,-995.91876,595.1249,879.2816,-1173.7057,1041.7903,617.90967,22.977322,810.1479,579.2962,-22.499924,1020.10803,736.67126,720.95526,787.45874,699.2748,622.47144,994.3638,724.5211,1413.52,840.25214,710.1246,1311.9703,988.82556,686.66345,1490.3297,866.9878,681.5926,1387.0502,964.2697,861.1402,1446.249,790.66705,846.0442,1316.6172
image_034.jpg,pushups_up,786.5039,35.144203,-1235.4615,791.3043,-19.89708,-1224.7262,807.6318,-25.325161,-1225.2562,824.123,-31.031519,-1226.0428,745.9076,-8.123588,-1220.0818,728.86285,-4.492362,-1220.2057,711.64386,-0.30355528,-1220.0828,853.4303,-30.982695,-1024.3313,702.74255,10.284228,-1018.285,832.8985,60.251446,-1151.0826,775.2508,78.469154,-1150.2075,1084.8347,125.815704,-951.36664,701.3558,162.38596,-797.7571,1249.625,465.89822,-1010.5369,645.1095,451.57166,-787.19855,1259.9646,786.2031,-1108.0717,560.9946,751.3271,-836.9781,1302.1787,859.6992,-1220.8274,503.9282,812.26294,-853.80566,1246.7358,864.432,-1253.3907,507.2445,823.59393,-945.95856,1219.1409,832.82,-1135.0469,551.707,809.952,-883.5289,1224.2938,445.44748,-70.03288,1058.8229,458.6231,71.02546,1284.5781,537.4066,586.2037,1113.1965,562.3979,752.65674,1302.4436,624.90393,1254.8263,1170.9539,617.2504,1414.3966,1314.5645,633.0574,1310.2053,1195.6868,627.20306,1479.8394,1268.6946,707.8912,1150.7471,1110.4175,696.49274,1356.9197
image_035.jpg,pushups_up,1394.2167,211.13893,-1019.52814,1400.9833,168.77858,-984.0697,1405.0988,169.60692,-984.23553,1409.854,170.95958,-984.603,1376.4984,160.40121,-1037.9832,1362.8445,154.20459,-1038.3641,1349.1056,148.24155,-1038.6576,1364.9979,164.70131,-760.3748,1283.5178,132.59708,-994.6591,1361.6586,242.6469,-925.3087,1332.7185,228.42969,-991.7264,1275.2539,300.1995,-521.7294,997.9294,246.20407,-963.30444,1242.5918,528.80273,-227.60588,823.42676,531.3296,-970.585,1324.0103,737.2999,-270.51254,871.7419,795.22363,-982.7477,1373.3279,762.44293,-306.71338,871.6745,857.73663,-1094.4293,1377.6865,779.0984,-390.64536,921.6504,838.4051,-1111.7937,1337.6887,775.3724,-308.62704,925.49207,818.5267,-1000.77905,897.54486,526.2587,163.76918,751.40265,490.09354,-163.01794,793.4777,646.8829,745.619,644.49304,606.88654,459.18274,671.3626,665.9848,1346.8245,563.8683,658.7755,1101.3582,630.9226,647.47205,1406.6543,534.2371,647.5123,1158.418,698.32196,780.96906,1318.3463,595.0103,769.61383,1022.3498
image_036.jpg,pushups_up,694.0863,461.02432,-17.606926,694.055,447.25092,-50.196236,695.00244,446.23978,-50.239494,695.8863,444.96017,-50.31155,695.9555,446.9747,1.0933614,697.64325,446.18384,0.9922886,699.4057,445.39413,0.8415811,710.26324,441.72827,-143.79617,713.65533,441.79007,90.29702,705.46985,468.3805,-46.34451,706.3347,468.92935,21.40346,752.37665,487.75198,-283.743,780.3984,471.8655,259.11642,796.33514,579.90027,-324.68384,818.0307,557.1249,325.11746,781.0888,657.7021,-321.5723,809.91907,633.14746,179.01913,775.5502,675.3054,-371.866,807.3831,646.99207,171.95456,768.41376,669.5684,-348.73294,801.80383,644.7243,123.77586,773.41705,661.05743,-313.19193,802.26996,640.9592,153.22386,918.34204,549.1546,-169.4484,930.8295,531.2216,169.97818,1054.239,587.55695,-130.24179,1063.194,572.3755,176.27507,1189.985,620.1617,-45.414017,1194.7577,610.8922,243.7233,1214.1752,611.0411,-43.52152,1218.988,608.5153,244.87009,1202.6172,675.83954,-161.86662,1202.3923,658.7546,159.79973
image_037.jpg,pushups_up,674.861,352.7211,-487.7685,664.3567,323.08066,-533.72675,668.54364,317.78754,-533.7354,672.77325,312.16495,-533.9344,657.5838,326.75357,-470.5131,656.4235,325.5245,-470.38858,655.4239,324.7184,-470.56143,705.8146,283.73358,-627.4873,681.73364,299.23608,-338.86832,715.2631,346.63943,-513.2463,706.9988,354.4721,-429.6357,916.90656,307.5742,-703.7569,802.08636,344.5713,-157.47246,1033.755,526.30176,-728.7196,818.2887,538.00366,-43.847427,1046.906,740.4275,-708.24945,813.5752,729.95447,-125.005875,1042.6156,781.1487,-806.1078,788.38153,759.558,-152.79507,1014.3266,767.58606,-799.63025,786.5315,758.6848,-228.21176,1014.77155,753.0248,-711.8448,805.6754,750.55096,-164.2349,1228.1727,464.5071,-172.96307,1156.9854,479.01163,173.5524,1429.6838,594.1209,203.56702,1257.9734,545.1979,655.2689,1607.7808,666.3013,600.127,1395.2662,577.13165,1146.2223,1641.5718,656.36163,635.0423,1423.6779,571.34863,1193.4415,1628.4291,766.773,498.95535,1411.461,636.9703,1143.9818
image_038.jpg,pushups_up,573.8048,291.71014,-890.4541,579.5599,233.61809,-923.67706,592.4903,224.61432,-924.06836,605.54156,215.3363,-924.86444,554.4774,247.52547,-855.5775,548.5854,249.66187,-855.59235,542.5875,252.42903,-855.47687,674.68585,181.4283,-941.4176,588.4452,229.6595,-646.74023,645.7651,291.71234,-889.46594,614.24457,313.84448,-804.53937,1020.92896,261.17398,-968.1073,718.0512,322.0165,-476.40833,1235.3982,608.94073,-1004.65796,746.0317,595.7189,-314.42612,1196.919,960.996,-1035.4941,651.7021,859.4677,-390.6606,1220.0986,1053.8093,-1167.6979,600.4352,912.7915,-416.2225,1152.5126,1041.6877,-1196.6584,586.8323,916.1904,-505.25113,1138.3063,1003.58453,-1056.7765,627.2389,903.7211,-434.9038,1330.4308,522.8508,-153.64433,1159.5474,540.72296,154.80354,1469.0804,665.8332,400.98306,1192.5159,632.53827,791.79803,1583.5321,739.10114,978.99194,1322.6224,675.855,1476.3873,1620.6803,730.84064,1027.531,1362.2631,672.51154,1542.6128,1548.4471,860.063,879.8601,1288.7181,768.5898,1524.8408
image_039.jpg,pushups_up,716.4585,477.21326,-345.22833,709.75116,456.8902,-393.97458,711.6602,453.97983,-393.8046,713.5678,450.90497,-393.84714,708.15186,457.77032,-329.1156,708.8823,455.70355,-328.97443,709.8264,453.76465,-329.17868,734.30804,430.0026,-495.48926,728.13477,436.23935,-197.69556,742.29047,474.52673,-373.40582,740.5212,476.09933,-286.0097,849.9407,428.32953,-562.5947,805.86395,455.53354,37.09657,943.90906,513.18744,-638.26,832.74866,542.3805,288.99545,929.5678,622.17346,-714.89716,800.06866,615.14404,225.98955,922.88586,645.94806,-819.5698,781.5523,629.0868,199.32227,903.59174,640.9551,-808.624,776.6102,624.91425,133.39598,908.94086,632.5858,-717.9301,787.33234,619.7277,192.37613,1050.494,490.0572,-196.81921,1024.0785,495.95233,197.4004,1187.1045,538.8568,180.49947,1171.3761,529.7088,513.07794,1333.7125,567.6141,609.3715,1301.1179,554.71216,924.7286,1366.3638,556.51825,642.7816,1330.0468,547.93243,966.14453,1338.7487,651.1115,518.4606,1305.279,623.7642,901.43964
image_040.jpg,pushups_up,635.7725,417.63626,-164.79239,617.9839,398.20648,-219.89711,618.1495,394.75018,-219.84041,618.2918,390.9896,-219.88693,620.1064,397.37335,-150.2763,621.78906,393.929,-150.35825,623.628,390.6901,-150.3996,636.6975,362.4515,-343.32315,641.4671,363.75174,-24.664454,662.0574,409.26968,-200.5399,664.78644,409.61478,-108.129524,768.4062,363.40414,-484.1566,782.8835,379.44077,213.57787,830.20245,533.8151,-596.30817,847.62274,523.9489,274.23914,792.4527,692.68506,-592.50885,813.69366,651.0939,94.12505,763.38367,709.7539,-680.531,781.39703,655.13666,90.44612,748.7654,700.77246,-632.6608,768.62067,662.13965,18.922966,762.5698,694.21246,-577.4174,781.2944,662.5104,56.197815,1057.9524,471.24753,-221.18378,1046.3623,475.24713,221.3715,1283.8857,579.456,-118.30187,1256.9998,560.5113,315.37363,1513.4624,636.885,5.0556207,1467.7568,614.6571,487.40845,1563.7767,627.50305,4.2204323,1515.7288,612.1958,500.27377,1494.3143,729.7727,-183.89207,1447.5726,701.37463,389.2425
image_041.jpg,pushups_up,743.84796,256.26804,-799.3386,747.297,208.60399,-841.9448,756.053,201.70486,-842.29486,764.8394,194.56554,-842.5711,733.03687,218.88339,-778.84985,730.8476,220.22449,-778.9371,728.49445,222.12708,-778.96405,820.42444,167.42662,-877.7028,769.7756,203.18245,-595.291,798.06885,258.94058,-800.6685,781.6835,274.9894,-718.4632,1097.9795,262.99973,-885.7685,884.67615,287.38925,-380.49258,1250.5938,597.39294,-897.2785,907.2272,547.5559,-213.15085,1245.1831,904.51074,-912.66486,825.45734,803.7844,-248.6077,1265.2172,968.87805,-1043.1306,783.61755,857.15594,-281.88953,1211.8802,963.00696,-1055.8816,775.2714,850.5895,-358.19083,1205.6547,935.3398,-929.51807,808.74,838.17664,-287.06924,1401.4052,527.2395,-176.8747,1271.0208,535.0191,177.71364,1562.2941,741.43256,276.20984,1433.8066,693.302,600.6208,1711.8735,849.79,758.29675,1600.4037,783.2989,1103.8391,1761.3885,844.5736,791.28674,1648.0592,782.0826,1150.5532,1655.4954,970.43933,597.6806,1561.6289,889.7142,1064.0845
image_043.jpg,pushups_up,1288.3479,234.30629,-809.2967,1308.8391,193.88211,-771.7484,1310.9058,196.0053,-771.9354,1313.365,198.74168,-772.4064,1291.2272,177.9621,-833.39685,1280.8469,167.09903,-833.84753,1270.3202,156.37103,-834.13385,1263.666,174.36414,-574.50757,1206.8818,116.057045,-835.48346,1238.2505,252.43246,-725.5257,1218.6115,228.59985,-800.8885,1127.2722,262.3285,-342.3595,889.46423,167.93391,-890.26294,1084.4584,503.54028,-99.19969,682.3769,471.19437,-901.43835,1090.5704,766.85675,-234.0276,687.87427,811.23346,-883.6234,1130.8293,812.3392,-306.3343,687.6556,880.3099,-1010.439,1128.6074,820.16754,-392.1202,743.06726,879.63995,-1020.1533,1087.7053,803.89026,-277.32745,739.0469,856.9583,-899.85754,657.9331,429.0104,195.97176,532.71454,371.68375,-194.5744,497.242,516.21136,752.55493,387.22687,492.99094,396.70593,368.2113,505.02374,1322.5391,253.33173,552.3525,950.8379,334.9084,479.5092,1381.5653,215.19289,529.0543,1000.05914,366.4261,606.9043,1323.5199,267.83316,685.7838,885.37195
image_044.jpg,pushups_up,1105.4932,632.63776,-1171.8267,1105.4811,612.4169,-1146.9194,1106.8456,611.5689,-1147.1274,1108.3861,611.316,-1146.9061,1095.9849,609.5011,-1200.394,1090.9657,605.8276,-1200.5568,1085.7555,602.40967,-1200.6935,1088.6256,593.9155,-866.6022,1059.9434,582.8033,-1112.3044,1092.3247,635.57745,-1050.8005,1083.7794,631.7347,-1120.4154,1070.7645,589.2621,-485.0926,956.6676,609.5416,-989.52625,1091.2109,672.07336,-77.591156,882.30817,713.74084,-1019.0675,1081.8826,760.4886,-6.73409,903.7969,812.42255,-1102.1609,1090.4497,772.25946,0.3281722,900.23236,835.0845,-1189.2916,1077.6731,779.3996,-64.586945,922.7725,824.13025,-1204.7551,1066.0076,777.1648,-27.692102,925.85785,817.38336,-1111.9552,896.3033,638.58594,166.5811,840.18164,640.824,-165.63538,821.91595,682.1169,773.9339,750.53906,664.9523,368.60052,736.1229,665.0545,1521.2684,668.7188,675.4083,1025.2012,716.5627,645.23444,1601.2488,648.73,669.9297,1090.1146,741.2676,729.9926,1551.9929,666.56775,720.7602,980.1056
image_045.jpg,pushups_up,1070.1046,392.30145,-1241.8306,1081.7343,364.01984,-1233.2759,1089.7113,362.67047,-1233.3823,1097.832,362.02426,-1233.507,1055.4915,360.23135,-1263.799,1044.8116,356.35193,-1263.9143,1033.9983,352.6891,-1264.023,1093.4187,347.23642,-1027.7521,1011.2422,332.89798,-1158.8427,1070.2058,403.0468,-1144.6304,1042.0459,399.39774,-1181.9624,1111.2899,371.09283,-718.0069,891.93567,359.68927,-982.16064,1133.2496,511.56732,-407.8607,786.03455,527.34937,-964.43805,1134.8535,647.80884,-381.82736,764.1539,696.31055,-1015.4548,1161.3533,674.5254,-413.0744,745.31744,734.3761,-1120.9263,1140.8568,684.30347,-474.2587,783.2041,730.6582,-1139.1893,1114.9335,676.41473,-405.2435,793.02686,717.21545,-1033.7042,880.8712,407.17,92.45447,783.9747,391.52325,-92.531136,814.1525,512.74207,645.74036,723.3315,484.15903,513.92224,737.48236,557.1389,1394.7589,673.55084,547.6605,1244.8336,723.8502,547.3114,1476.6558,663.508,546.8163,1321.0011,725.9336,627.8875,1411.8534,662.26886,618.4758,1221.6509
image_046.jpg,pushups_up,543.3864,489.21954,-998.8456,539.95953,430.31378,-1034.3738,551.3288,416.6668,-1034.4625,562.6873,402.8848,-1034.776,515.2742,454.71484,-964.10693,508.0965,460.1907,-964.05743,500.9679,466.23514,-964.3056,612.60834,348.92245,-1005.5529,527.6543,431.27597,-691.9548,603.57996,468.3488,-972.74866,574.4986,500.95117,-880.8825,908.7111,362.07068,-894.0966,621.9899,460.32358,-486.58234,1159.2029,561.7936,-877.7097,692.51483,639.159,-189.47269,1173.6033,837.0894,-920.5445,660.7932,837.51697,-234.89307,1195.7007,899.10754,-1039.1941,628.98364,872.4547,-268.75922,1144.4255,904.0997,-1046.6168,627.0386,880.19464,-343.25427,1128.9463,880.47296,-928.69904,661.57465,863.7732,-270.5164,1161.2273,591.1032,-149.07515,1017.8037,630.3804,150.03036,1279.8046,699.07983,457.05783,1116.0087,710.3333,779.15216,1376.3344,725.35144,1072.5574,1236.6978,730.45715,1422.2834,1404.5819,707.2269,1129.9128,1269.422,715.29456,1489.4231,1375.0822,839.4589,1014.8123,1243.419,822.9865,1449.2983
image_047.jpg,pushups_up,1087.7843,357.92026,-796.35144,1113.6376,327.2689,-778.57355,1118.417,329.07812,-778.45166,1123.4979,331.4494,-778.8312,1094.0043,313.34415,-822.4597,1084.9508,303.7669,-822.85504,1075.8132,294.38373,-822.93933,1100.0934,305.95813,-611.76636,1039.6058,257.84393,-798.488,1060.8075,367.54654,-717.9806,1039.8412,348.53806,-772.3035,1031.8011,324.92438,-364.64352,797.44464,286.79236,-772.6029,1000.42426,501.1714,-94.45994,592.3609,515.8934,-766.2566,993.90405,694.3716,-92.376236,581.7871,749.06384,-740.8786,1025.5883,735.6329,-119.6424,571.2463,799.7616,-838.19366,1010.9249,750.3832,-191.53433,619.9705,791.89825,-848.96716,975.79877,735.7012,-125.33587,623.5183,773.0729,-753.5895,633.02545,434.72354,139.04659,522.2014,404.03403,-138.51215,476.55252,550.1794,549.8167,401.90472,512.5011,333.8169,334.62558,590.2506,1019.72095,282.54892,588.254,838.165,302.8705,572.9393,1066.207,254.74165,572.6476,882.33716,328.7032,704.60675,980.4489,275.68408,713.5207,775.18134
image_048.jpg,pushups_up,1250.034,592.91,-710.4207,1262.3583,558.8661,-700.3624,1262.3265,554.20135,-700.30817,1262.5183,550.17487,-700.62573,1253.5823,561.09564,-767.1141,1247.7981,556.87085,-767.42444,1241.882,552.7436,-767.5966,1227.5424,510.4669,-562.0355,1201.549,513.4232,-849.47565,1211.232,583.6902,-637.7186,1204.8552,584.93665,-720.6477,1124.694,491.14847,-333.13446,967.1482,504.0299,-806.5989,1037.1191,632.718,8.96003,764.5184,657.4242,-797.33295,1047.306,811.8754,-33.35528,878.9416,871.18036,-793.7742,1071.7037,833.99713,-64.713646,909.97156,921.8421,-888.4111,1072.1592,852.54675,-156.19612,953.53424,892.34955,-881.4575,1046.5199,847.62555,-72.27457,942.2838,874.75354,-796.02515,799.7422,580.6209,166.18785,714.59906,580.66785,-165.75197,663.2227,654.6903,639.66656,587.7547,649.2427,389.97543,541.2447,660.21265,1253.7686,470.8758,681.877,1014.7138,500.90173,634.8084,1316.2726,434.89542,667.58466,1075.6218,564.5442,769.42285,1259.8677,490.9516,773.8446,992.47656
image_049.jpg,pushups_up,706.5696,400.25455,-776.0196,715.66815,357.78915,-810.7958,725.5285,351.69003,-810.72595,735.1785,345.39383,-810.73645,696.5857,368.52518,-747.668,692.18726,370.41183,-747.74536,688.0908,372.73654,-748.03455,777.2448,322.4686,-810.75653,712.20233,358.24274,-524.62427,750.8573,404.31906,-764.5773,728.96265,417.89703,-680.89966,960.87164,378.40097,-813.04486,797.4227,425.4724,-277.48743,1044.1177,636.92145,-848.4404,787.68695,628.10455,-149.92668,1033.1713,865.4923,-901.1742,751.45215,829.3409,-243.20198,1028.8995,913.28815,-1031.7131,714.36707,859.84686,-286.2791,990.2959,901.8577,-1020.76434,715.691,861.7444,-379.28073,993.2219,889.142,-907.1418,745.64294,852.62726,-287.61917,1303.0063,483.79852,-190.41493,1217.3671,514.00836,191.13737,1451.5042,625.49493,233.21794,1362.3914,648.3713,599.5456,1602.2299,725.8172,696.1822,1510.0815,729.1151,1073.9827,1643.2957,720.3392,734.3159,1551.0171,717.4746,1118.045,1588.205,837.51483,594.39233,1505.8578,851.88367,1038.3491
image_050.jpg,pushups_up,1191.6737,278.53873,-1181.9738,1224.242,232.45847,-1171.1953,1236.8651,232.41368,-1171.3203,1249.9822,232.85695,-1171.6078,1184.4104,222.99767,-1196.5212,1168.2153,215.80545,-1196.6299,1151.9524,208.81833,-1196.7834,1244.0585,218.64317,-965.2974,1114.3453,183.36606,-1072.7603,1187.4467,303.94302,-1087.0812,1141.4775,290.02628,-1117.7363,1232.4235,291.6649,-690.31683,907.82184,276.2332,-986.6452,1291.1841,557.19415,-497.45587,795.6097,624.07745,-1032.3458,1340.6931,825.7694,-609.39813,779.5267,899.5501,-1084.2941,1407.3291,871.4983,-701.5665,769.89246,949.3598,-1224.3507,1381.2194,873.3065,-778.416,815.5914,935.4748,-1239.3915,1330.0282,863.12994,-646.868,823.58386,921.9525,-1105.745,816.0868,511.529,135.59186,672.76483,487.22604,-135.08908,642.74426,648.20807,681.53986,506.04147,612.62933,459.9161,489.855,657.4213,1255.1462,412.83798,649.37006,1018.46515,458.82648,636.3384,1313.6216,389.11703,633.8696,1067.337,466.7822,751.77356,1271.3676,416.78363,759.2447,983.8528
