image_001.jpg,pushups_down,323.51799,658.2924,-103.84128,307.16284,628.23862,-154.15011,310.39102,623.84871,-153.61831,313.57854,618.93832,-153.66866,302.84449,631.51005,-90.58119,302.25491,629.37214,-90.46056,302.04616,627.095,-90.64174,347.99291,594.12228,-261.83086,329.6907,604.62595,43.20376,367.24786,653.50363,-135.37181,360.40614,659.94551,-47.71455,506.56264,670.64527,-413.35582,513.759,623.13612,343.82694,436.42688,938.01381,-269.5514,463.29699,868.66595,503.82212,362.40804,875.65385,231.5056,386.26661,892.93281,389.23729,327.83366,861.0904,209.37018,355.6596,906.61723,418.89957,359.91304,826.71945,219.33287,369.33921,875.62999,384.0855,383.25249,825.90447,244.80526,388.51895,880.4142,365.6201,1034.16789,724.59586,-259.88941,1026.78904,719.25039,260.04274,1408.9743,860.69854,-412.65329,1302.57714,761.61589,336.06156,1503.95894,472.08745,-203.75117,1425.70279,492.03497,505.4234,1473.85687,415.18603,-174.63373,1419.50001,453.69906,516.28145,1661.85125,356.28003,-116.24047,1538.63386,411.28192,561.656
image_002.jpg,pushups_down,399.07926,930.4597,-17.3845,378.9255,909.48694,-56.92654,379.03537,905.57973,-57.10487,378.99773,901.41081,-57.22482,380.78243,909.97854,21.71363,382.49563,906.94525,21.64064,384.43451,903.89994,21.64968,396.93764,873.9222,-144.90843,403.18166,878.11707,207.06199,427.16276,923.12025,-35.92052,429.39394,924.49894,63.54198,524.76562,852.33555,-333.43382,559.37701,803.64781,410.60221,699.48611,762.97746,-612.56638,732.34906,737.59066,565.51688,678.44893,962.35529,-1063.24911,714.32125,891.06042,625.17028,634.8649,999.09928,-1146.83257,673.81643,901.05941,637.15436,618.24232,982.7916,-1078.4759,672.69063,911.18953,564.20979,633.56027,973.47685,-1041.81508,685.21304,910.9101,595.67695,940.34994,843.09052,-251.62119,940.23659,810.32969,251.47498,1271.676,844.06956,-320.19725,1237.64744,827.96068,214.01128,1586.04435,821.90861,-336.85869,1523.29098,795.171,349.74274,1641.71213,790.62742,-351.84353,1578.66584,763.71612,344.04913,1611.47417,931.043,-604.67184,1546.14277,903.59004,147.86331
image_003.jpg,pushups_down,1260.09958,629.93726,-391.81939,1271.89321,607.90085,-351.2108,1271.66719,606.29289,-351.25275,1271.5901,605.00334,-351.48305,1268.59022,605.61946,-416.14778,1266.12805,600.25527,-416.28473,1263.43757,595.03772,-416.42416,1246.932,580.30403,-181.00441,1234.69641,568.3883,-467.56748,1230.16348,627.1121,-325.37226,1225.81516,619.52691,-406.89082,1112.94413,610.8264,42.56097,1087.40507,539.82382,-610.78706,1042.4722,640.12959,408.50748,956.34822,610.93612,-825.54942,1111.8431,707.41942,706.96871,983.32586,762.64651,-969.89875,1137.09346,721.04396,770.02724,980.66592,803.11688,-1043.72285,1142.07602,726.95732,715.21869,1001.87244,800.27146,-1042.13203,1128.89644,722.20591,689.31155,999.62073,788.7537,-971.3992,813.08866,654.41553,171.37369,794.82053,610.4011,-171.23374,641.64657,667.05543,532.56935,596.66623,641.4237,189.28413,494.21397,666.40355,1009.41177,426.74107,634.21198,619.19649,466.98607,650.66972,1051.31285,391.24308,619.00411,658.40538,448.78932,713.04376,933.41586,384.87147,692.79693,517.33364
image_004.jpg,pushups_down,460.07604,394.0177,-468.34055,469.24354,369.07165,-476.20061,476.61741,364.87925,-476.10643,483.91959,360.66084,-476.18581,454.39434,375.91727,-452.2527,450.22621,377.70756,-452.22908,446.11317,379.74085,-452.33177,512.56181,345.93878,-442.83701,461.37296,372.18991,-338.99333,488.51585,395.31726,-450.00401,470.83833,405.72044,-419.86131,634.11655,370.39371,-370.30703,497.71144,373.20457,-234.17308,753.62556,384.9487,-352.1234,515.36712,395.92996,-8.81291,720.42175,499.93977,-329.72213,480.08033,464.68309,-11.03488,721.97678,523.30151,-371.68225,457.66559,474.69538,-38.57457,685.85514,519.54841,-372.9639,459.10824,476.38823,-73.12866,680.32706,506.44311,-332.56155,474.74323,471.96777,-26.88704,727.19036,399.54549,-67.15703,665.44067,400.90782,67.59564,787.26575,401.11653,212.3094,708.79763,374.77383,388.51782,836.91472,368.81173,469.36705,756.16326,334.66876,679.60751,847.94356,355.68587,498.47543,768.13329,321.59466,713.97674,831.88688,398.2524,464.19553,751.68493,357.09421,727.38393
image_005.jpg,pushups_down,1720.41345,723.32193,-78.85565,1754.48745,705.36129,-54.71258,1754.92757,704.08996,-54.5168,1755.56909,703.15959,-54.76573,1753.19372,699.98799,-130.93936,1753.53889,692.53404,-131.28898,1753.73209,685.15544,-131.59764,1738.47562,665.72533,102.50108,1732.27119,643.63347,-222.6169,1681.92854,710.27709,-5.00937,1681.53884,698.58399,-100.43744,1526.74352,631.17574,344.12214,1548.80847,590.16842,-364.79853,1339.7137,701.36099,625.18019,1377.29412,754.87912,-691.71774,1403.64294,841.14023,719.94688,1488.71068,935.41109,-992.23513,1433.84963,873.31255,748.31725,1519.78646,970.43618,-1083.70413,1453.2875,892.89153,686.30174,1539.94816,959.38046,-1055.78402,1440.97609,878.86079,688.12633,1524.96697,946.29936,-989.22074,1024.03155,685.68565,231.99923,1011.93894,660.3354,-231.80854,640.33574,690.00083,222.92495,607.11808,704.56841,-161.42163,289.08372,681.75612,327.15125,208.67366,700.35108,-65.99723,236.53287,641.92102,330.08575,149.60656,654.0905,-67.38369,199.43722,798.41165,191.61528,117.77718,860.98757,-248.00411
image_006.png,pushups_down,197.39069,824.64824,-442.0054,174.55235,794.58783,-522.43619,176.24302,788.58211,-522.56659,177.834,782.49356,-522.60994,175.03641,794.76263,-439.12599,177.17345,791.20938,-438.84787,179.56196,787.94522,-439.16828,210.39167,730.49199,-672.95965,209.23682,739.09159,-298.30795,240.35534,801.66359,-476.52156,243.15872,806.86571,-366.49077,485.52551,676.68437,-681.52367,371.54551,652.11928,-82.24222,790.94564,719.0653,-619.37687,586.75881,685.20615,282.78526,758.71516,940.80205,-508.66033,534.65589,845.93559,511.85546,757.33206,989.45759,-587.44641,505.06499,867.09747,519.46657,703.36701,991.35741,-572.65233,488.69182,890.43629,455.96887,700.68111,969.06265,-505.56403,510.18149,877.08792,486.98708,954.41255,656.49909,-217.27279,877.91804,643.6885,217.75295,1229.79654,691.77853,190.68346,1184.47329,704.22401,511.01362,1480.21887,716.09646,676.60636,1431.89654,698.66765,870.45821,1523.10237,692.56598,720.27915,1479.66069,661.56512,912.5244,1520.15396,839.85958,690.17032,1474.67069,837.14903,905.49543
image_007.jpg,pushups_down,1060.61262,796.06581,-772.03177,1074.64218,777.75547,-760.40268,1080.69775,778.06983,-760.47583,1086.88613,778.87375,-760.5217,1054.43363,770.13015,-777.71458,1046.05714,765.07826,-777.76805,1037.65343,760.17089,-777.77354,1078.48482,765.96116,-628.92931,1014.39228,739.19765,-702.90977,1051.67796,803.17045,-712.15836,1030.24953,794.32466,-731.96983,1071.24071,752.57631,-467.39836,892.86659,735.20867,-564.09095,1096.72235,806.51366,-213.05859,774.2013,768.63196,-512.12523,1108.67119,883.60775,-176.89067,790.29252,890.31648,-518.20551,1136.46734,899.41863,-203.76104,786.26641,917.78673,-579.35748,1117.38762,907.6054,-235.00627,819.0477,919.09409,-590.14827,1093.42851,903.11221,-189.44126,823.29954,910.35075,-530.97762,886.74468,771.4606,58.59275,810.45737,758.53347,-58.22891,859.9564,777.98223,496.13181,774.95359,758.64197,373.84992,835.72106,771.53108,960.67195,745.27964,739.9451,814.68199,832.73685,758.40317,1013.17435,741.33006,727.56541,864.04325,841.16996,801.95795,1013.12848,746.02026,784.03348,854.60542
image_009.jpg,pushups_down,1362.88938,835.89511,-1378.98306,1372.62849,781.47876,-1378.79559,1384.57848,774.85905,-1378.81515,1396.95042,769.0026,-1378.88984,1329.03937,790.76118,-1404.43919,1309.76223,790.43087,-1404.15141,1290.67302,790.43202,-1403.84132,1384.46158,742.87856,-1132.75772,1242.00228,771.00031,-1254.97827,1366.28158,852.32886,-1261.0279,1319.32028,861.69566,-1294.19619,1408.20462,750.9178,-842.9869,1081.23146,768.84561,-965.54265,1455.72251,762.80684,-490.71088,833.65837,714.92403,-801.83239,1500.28112,928.7494,-356.27978,843.13057,917.25794,-751.4496,1555.6037,941.13616,-390.63998,828.97903,955.57639,-848.22151,1519.15049,954.8009,-427.36956,877.10771,947.20259,-868.9498,1478.09229,956.18196,-372.46736,891.01121,940.67999,-770.36861,1031.38854,791.6961,124.27169,904.91512,799.94919,-123.55404,943.69994,763.05374,1019.77449,786.54402,804.75951,726.36932,887.61609,741.61821,1852.69418,705.10092,787.17976,1508.08204,883.48927,719.62907,1948.44015,695.10256,766.88869,1595.25044,887.59476,788.82863,1931.48564,697.44938,862.59598,1533.36031
image_010.jpg,pushups_down,1325.56801,965.36047,-533.08652,1362.26348,930.79967,-525.41371,1364.26047,927.27854,-525.32209,1366.2833,924.40896,-525.50498,1351.82447,926.69319,-599.10021,1347.25768,918.0718,-599.3634,1342.42187,909.48492,-599.53772,1342.11899,865.29305,-386.93134,1309.77241,845.04895,-697.98594,1284.44656,943.41015,-460.14579,1275.39545,934.31421,-548.60458,1216.66213,780.80927,-199.02053,1035.47458,761.842,-669.305,1184.42834,780.15075,182.65515,756.05585,749.70358,-549.95908,1261.14617,939.52801,457.86376,765.95881,936.53946,-372.98571,1305.00614,963.12097,462.692,763.99197,983.54079,-432.54758,1301.51843,981.52819,411.17394,809.62165,978.16226,-426.42394,1272.89885,972.1874,435.78528,812.88998,962.70955,-370.56303,681.76696,786.39302,184.1241,587.55159,768.17814,-183.66849,449.76431,809.85436,676.3251,317.95234,796.04914,335.46558,239.4312,805.30399,1267.90508,87.29422,771.47103,855.97233,197.79363,777.04418,1328.26032,44.39019,732.27801,905.20897,192.23784,903.87382,1293.18952,36.61643,895.55038,817.02035
image_011.jpg,pushups_down,1023.51304,707.83656,-992.32263,1039.17917,691.12993,-994.81168,1042.3417,687.78441,-994.85812,1045.35965,685.01321,-994.8245,1026.61941,692.53775,-1043.55494,1021.64588,689.30356,-1043.70672,1016.50216,686.25272,-1044.04575,1031.33615,650.75776,-848.13961,994.72498,652.7246,-1068.05644,1005.77616,693.21446,-913.17111,995.7241,692.92061,-975.69033,1022.52307,570.55592,-595.36983,832.9126,614.5906,-926.50494,1016.5725,614.41458,-162.07928,675.53444,622.7941,-859.08287,1048.32464,738.18522,14.08196,728.97745,761.44629,-870.78311,1071.13307,758.48125,-8.13805,731.45878,796.05501,-974.40652,1055.47896,772.49771,-73.97857,769.95449,789.00395,-982.22814,1035.8867,766.68494,-10.80763,773.9158,776.82652,-881.8889,784.3396,573.44301,130.62179,693.59988,598.58537,-130.42143,759.60859,624.83367,846.15624,673.13163,631.49288,593.96655,708.5975,617.88403,1718.93793,631.19944,648.25018,1470.23841,692.02496,602.58342,1813.40717,611.79951,638.51088,1564.02503,723.962,668.91518,1813.12019,649.24555,694.25698,1553.41296
image_012.jpg,pushups_down,1575.07484,893.45111,-555.24813,1609.64098,847.23762,-523.8806,1608.48493,841.32947,-523.65441,1607.35862,836.07879,-524.2115,1602.74207,846.35074,-628.45085,1597.19012,836.99493,-629.05805,1591.36765,827.58144,-629.75017,1551.7685,758.80931,-309.44537,1530.79303,750.14083,-758.56846,1502.30842,863.35559,-457.42417,1497.59099,857.87171,-586.29631,1277.62108,623.97599,-102.28402,1148.02179,689.61233,-778.95316,1002.97565,665.00852,246.56339,738.39617,744.79561,-541.75714,1095.43819,918.30741,309.87442,989.18653,1022.89941,-214.81914,1162.13222,953.79041,299.42692,1070.10501,1109.89102,-302.00925,1179.73275,1001.76885,201.13525,1138.75222,1052.72,-277.41855,1139.51583,987.88848,260.17723,1105.36591,1020.717,-208.24968,545.28266,676.9022,243.60415,463.51332,718.60989,-241.82637,255.47927,731.60017,845.80503,264.51608,803.9417,577.76832,21.30458,731.43553,1498.59514,32.65303,825.38688,1333.66106,-33.71941,687.45204,1572.59436,-31.62114,780.80939,1412.49633,2.95887,891.26491,1528.08528,40.90516,987.26541,1356.40991
image_013.jpg,pushups_down,1223.83693,834.79156,-988.19129,1243.22719,801.2597,-985.29928,1247.20583,794.60095,-985.33611,1250.87622,788.70817,-985.52941,1225.69174,807.12142,-1035.89985,1217.59732,804.24835,-1035.82276,1209.27173,801.57715,-1036.00909,1229.60678,742.00267,-795.98888,1176.82278,760.34152,-1019.70323,1199.71323,817.48932,-894.09373,1183.10735,823.70405,-957.85468,1173.57469,656.16729,-558.61637,966.56865,711.10754,-849.14474,1122.48182,628.6535,-85.28224,745.37138,683.70733,-735.03502,1136.71097,739.59562,213.42366,765.63763,844.36924,-579.80122,1168.83073,746.62932,231.64472,767.79743,887.14345,-636.18778,1158.09192,761.45819,196.02519,813.289,873.46205,-637.81554,1135.47451,761.8085,210.52127,816.83734,859.69242,-581.35658,868.39174,608.39986,142.46587,768.38175,633.92116,-141.84347,754.76723,649.40403,844.63245,672.21223,641.52159,583.46383,657.57182,607.74032,1610.24583,579.97159,615.24055,1305.46653,637.68103,569.9787,1700.52815,556.30862,584.61869,1389.85432,649.31738,702.89427,1777.41023,576.68244,713.35851,1427.42515
image_014.jpg,pushups_down,463.00706,678.02967,-909.0718,448.32948,651.30327,-954.83513,455.4959,644.01058,-954.96318,462.82889,636.61389,-955.62459,430.65928,657.03977,-897.7441,425.53517,655.59471,-897.3011,420.62984,654.45058,-897.77081,497.70661,580.62688,-1021.3581,437.38591,600.20807,-767.13408,512.8046,644.40579,-916.78401,496.51378,658.17651,-840.84935,822.01,489.25158,-917.67807,501.28314,434.09964,-573.27405,1149.38373,580.14003,-847.57714,590.56879,492.53404,-64.28741,1077.52241,837.71576,-832.29174,552.72802,673.72209,116.87495,1086.56849,900.86471,-931.91311,515.03778,697.53465,91.58753,1009.16837,890.7949,-938.25298,518.79721,717.02174,29.60856,991.2534,860.32315,-835.74434,552.11871,706.23651,96.41117,1060.30093,480.57949,-170.00861,920.10902,446.18336,170.65186,1212.49145,501.67101,457.28248,1098.80351,505.16352,732.34506,1331.29692,480.5391,1125.57709,1244.36209,480.00861,1355.59105,1360.28206,449.23015,1194.10294,1278.47025,451.74667,1426.10644,1320.38951,597.08899,1176.81374,1242.62864,582.42702,1417.53825
image_015.jpg,pushups_down,569.32092,850.37508,-732.58989,559.57294,826.23048,-781.17461,565.14228,821.21403,-781.16832,570.74697,816.0714,-781.55385,548.41831,827.77741,-717.2163,545.90747,825.60632,-716.83267,543.63803,823.68058,-717.33057,602.20252,774.01378,-851.83819,563.93888,782.35915,-563.64292,609.09994,830.76091,-742.70623,598.14232,838.21219,-657.88677,868.43909,711.45374,-811.07343,632.00102,689.85054,-362.22291,1125.8985,751.92611,-729.41249,679.18898,748.72465,56.14118,1010.24733,951.62922,-658.71861,610.05445,899.31945,192.4231,998.36117,1004.8869,-740.49267,574.00312,920.00085,182.66431,939.67669,991.55408,-741.21299,574.4046,927.80476,115.47392,933.03308,966.03285,-658.43409,600.59981,919.39308,166.91045,1130.41599,735.39511,-193.84833,1024.54717,716.11241,194.55973,1296.68239,775.16125,353.3662,1162.10465,774.4614,741.03249,1413.38072,753.49445,945.00326,1290.32484,752.47303,1357.30871,1438.49851,723.14013,1008.92714,1321.58754,724.26883,1425.17995,1422.89759,860.59866,979.61761,1300.94012,850.81132,1428.19093
image_016.jpg,pushups_down,469.81844,934.01866,-19.97149,441.02775,924.8441,-85.03007,441.72347,923.67539,-85.25106,442.40896,922.16782,-85.961,437.27456,916.55198,-28.05356,435.32824,911.46395,-27.71372,433.60137,906.07873,-27.29856,457.41528,898.73279,-274.91983,443.8409,877.20336,-13.45321,499.94705,924.43487,-73.78551,495.37637,921.20743,1.63968,614.75232,902.46457,-441.19932,611.00742,774.0076,170.12193,797.51198,980.44754,-502.47374,802.78245,826.70035,368.16116,758.96039,1094.2482,-352.12776,777.66728,952.13716,522.41389,745.84423,1129.26903,-391.42015,755.53067,972.9477,568.81987,715.64121,1122.4468,-341.95483,744.51392,995.46376,514.93175,722.89448,1104.2816,-329.99852,757.65804,992.00749,499.96598,1060.72243,872.79532,-202.19052,1051.41179,794.71665,203.175,1374.22011,871.46667,5.51149,1334.90748,782.97238,435.28638,1676.07079,831.36314,227.14769,1568.95097,758.14746,691.21628,1727.09652,797.19394,240.54404,1611.89624,737.67676,715.2275,1721.9624,925.52337,149.84538,1608.86834,816.76071,687.4103
image_017.jpg,pushups_down,1309.36265,811.2642,-924.34579,1333.29922,759.61677,-897.40332,1338.34471,753.23224,-897.62042,1343.47855,747.65337,-897.88938,1308.70919,759.7965,-970.73609,1296.53905,751.96375,-970.91403,1284.23982,744.37625,-970.91665,1301.34536,680.72613,-708.23902,1223.77055,676.99935,-1024.31935,1267.00371,793.45162,-838.31607,1241.7939,790.70103,-927.37201,1188.67616,592.76169,-496.37696,914.63983,607.46955,-889.4952,1151.6973,614.54844,-33.87859,589.23237,620.91394,-748.90242,1174.3259,781.72702,181.75978,593.30334,898.8452,-458.23121,1226.48552,803.95629,175.53712,590.38499,968.09466,-531.11496,1206.82508,839.3704,133.42609,651.51872,964.71042,-525.77666,1169.33745,832.31275,162.6867,659.88347,939.91398,-463.52238,667.43901,617.07239,167.36599,534.43997,620.39511,-167.19288,547.80467,705.29969,773.92842,437.35061,773.33541,402.00477,397.44577,690.92867,1407.17805,335.0448,715.17559,1048.37613,377.56111,656.28783,1481.91755,325.39898,679.5201,1126.27642,346.71524,784.89627,1572.30594,294.4344,808.00632,1213.7111
image_018.jpg,pushups_down,1258.46301,903.53005,-843.05794,1287.0103,859.17978,-837.29701,1293.86129,852.22139,-837.53646,1301.00989,845.9453,-837.93543,1259.66848,860.0911,-902.84562,1247.91111,852.6575,-903.12162,1236.15019,845.46199,-903.02057,1274.51963,769.87514,-702.56337,1187.24932,769.8033,-996.64064,1222.82877,875.13768,-771.69984,1197.84046,874.27922,-854.64299,1210.69166,628.97796,-569.54585,878.05845,649.18955,-840.65164,1217.35986,655.96741,-193.76522,572.69505,697.37219,-675.34857,1286.53196,838.89533,-76.54681,667.2836,958.12288,-498.5532,1355.67215,860.16346,-107.15439,680.63973,1019.38719,-589.90075,1330.53765,885.87621,-150.37372,747.82857,999.48843,-593.5176,1285.87404,879.41317,-99.50404,751.48408,978.97695,-511.32056,720.14475,690.1359,151.48864,563.74666,686.38128,-151.43132,571.52516,752.12451,736.69675,447.9371,773.34183,462.64047,431.95746,737.74596,1383.89665,343.37691,763.63648,1102.24182,408.82724,707.74736,1460.3084,323.61059,736.01445,1172.05377,401.67515,836.01576,1509.15197,330.80794,868.89059,1179.84165
image_019.jpg,pushups_down,891.03489,788.75319,-393.55568,908.54274,787.55348,-427.05343,920.23614,787.20619,-426.93119,931.54747,786.73272,-427.25538,878.90272,780.94239,-424.90973,867.88263,776.1201,-424.79089,856.77307,771.07047,-424.6563,948.00785,751.02366,-449.05244,840.35967,730.79748,-442.24919,903.55603,762.40295,-382.89936,869.75544,757.6572,-379.27999,1045.54279,626.14734,-396.70962,760.3714,597.05652,-329.5465,1131.74513,590.6518,-68.41175,674.701,554.53178,-75.56811,1105.99142,751.86166,156.00267,681.31371,753.0685,91.91605,1127.30979,799.71502,153.2539,663.51165,807.81787,76.08147,1094.52541,802.37805,126.46702,711.76839,822.98014,78.08425,1071.50994,779.7641,150.88919,726.02288,803.8388,88.75407,954.11875,383.80668,-2.25845,807.4508,368.86279,2.38046,983.52864,486.14267,603.58107,785.78672,453.86361,601.60988,945.56926,507.94385,1225.54998,791.79204,484.61018,1214.27386,941.1246,495.49895,1301.57872,798.13152,471.90564,1283.37596,945.62265,606.54898,1366.25245,796.38509,604.74107,1313.53883
image_020.jpg,pushups_down,529.52108,771.26322,-812.94391,529.31257,742.99992,-844.99475,537.01815,738.76713,-844.74643,544.59231,734.60747,-844.61101,515.42496,744.90546,-806.23144,512.54444,743.15099,-806.14411,509.96605,741.3816,-806.49481,579.85567,699.55627,-828.36766,529.8119,706.82485,-652.61854,566.65658,758.02598,-789.7873,553.40356,765.43732,-737.91955,800.61315,675.24233,-698.33664,565.29064,608.16325,-456.72161,993.73902,735.31125,-522.71894,610.28819,671.50135,-105.23438,899.75927,893.85391,-399.68082,606.84897,830.23907,41.28342,887.90216,928.05822,-443.13545,586.22894,855.75226,29.05918,833.18271,912.05679,-452.79673,594.74131,858.47915,-22.09724,828.44143,894.35755,-404.82912,614.7498,852.8105,26.74547,1034.02583,564.77343,-135.98443,940.46409,519.75836,137.10847,1185.01763,488.98349,350.65413,1120.54855,482.49375,576.81518,1326.62947,418.03792,896.3749,1254.4281,414.37437,1072.71382,1351.81612,389.8935,957.71125,1277.88107,382.65975,1133.44836,1332.30301,487.90154,1006.99638,1268.45136,483.23007,1187.2277
image_021.jpg,pushups_down,958.37174,855.94604,-442.53112,959.67466,848.02886,-480.67054,966.61006,846.21722,-480.47421,973.50542,844.2518,-480.60757,940.27313,844.32737,-465.91435,934.02991,841.14778,-465.71132,927.95569,837.81474,-465.83168,994.62799,811.87296,-539.88277,926.8749,800.56962,-472.2292,983.62188,833.34026,-450.79011,965.78571,832.97663,-430.14766,1148.54863,723.64203,-459.13145,897.37642,664.38005,-449.7225,1299.80225,727.36102,-330.24599,883.5961,627.02161,-221.96487,1267.24018,877.51914,-312.5043,884.66929,745.70693,-47.10285,1273.43244,911.83954,-364.05785,860.64223,766.69111,-68.11453,1233.74064,919.63651,-378.30207,878.98665,782.68136,-86.2744,1220.98174,903.54144,-319.31765,898.18944,774.34177,-50.32677,1226.84299,554.61565,-45.5504,1110.75213,514.63171,46.0492,1285.35566,526.15252,420.49222,1161.28007,489.24569,524.70655,1293.2251,457.63301,866.57267,1200.25196,424.13418,1043.85416,1292.86388,427.98077,922.51377,1208.63554,399.20145,1105.62453,1291.56828,506.83181,1018.46014,1196.81137,464.0359,1194.52111
image_022.jpg,pushups_down,945.06851,673.53353,-1468.10909,940.07148,617.76688,-1426.56351,957.43078,601.17488,-1427.31957,975.21199,585.51892,-1428.13122,884.16875,648.45456,-1453.69716,863.56805,656.29841,-1454.06856,843.17861,664.52553,-1454.50892,996.20897,543.8518,-1157.46145,809.09961,647.49326,-1282.90081,988.1699,673.07598,-1362.71712,930.55993,705.57928,-1394.51638,1087.6272,594.80006,-944.19149,693.25096,598.22132,-933.18052,1196.87714,683.11384,-656.23808,436.85238,644.65517,-841.34656,1231.0465,844.12109,-723.20262,438.20645,827.20621,-939.24753,1284.98186,868.76641,-772.81677,419.37522,884.5535,-1026.95077,1245.08715,902.26481,-818.67579,467.85992,879.88148,-1058.42874,1207.81485,909.15359,-737.21307,483.56199,866.02226,-957.6584,818.06196,701.53951,55.62673,656.83178,666.13168,-55.78423,744.88388,704.08615,689.60866,606.0431,732.3541,679.90655,687.86617,711.75915,1335.98483,587.62839,681.90047,1357.9019,669.94279,693.99805,1400.78722,583.51049,650.35789,1423.04983,677.83384,794.89728,1342.26174,571.80894,788.75333,1337.83461
image_023.jpg,pushups_down,713.11344,499.45422,-491.65943,697.93186,477.18012,-538.43936,700.4347,472.13816,-538.2936,702.87999,467.16729,-538.2481,693.66789,479.22549,-482.87746,693.34076,477.34557,-482.83071,693.23169,475.65998,-483.38219,725.7501,426.95212,-610.48233,710.07637,436.53954,-358.70145,745.61579,477.85827,-502.41161,742.78907,484.70183,-428.43978,939.77932,385.65785,-564.2692,783.25918,347.37702,-188.41918,1132.6301,427.49383,-495.12349,888.21394,383.85027,154.4071,1078.62932,577.24719,-388.20031,864.3522,508.11796,295.35797,1074.60303,610.24025,-443.86381,844.1715,527.87323,287.17167,1032.14383,608.4807,-445.56394,841.12437,536.97653,251.73709,1027.40176,589.59392,-389.30169,859.35703,528.55042,283.47871,1189.32463,355.33066,-154.80767,1105.41021,335.10065,155.25623,1382.96926,371.17657,200.4268,1303.62325,362.93683,474.25755,1549.56011,339.75138,579.73859,1468.54523,343.95283,828.16984,1580.23262,312.67967,615.96062,1500.08773,316.54998,869.31731,1563.2666,436.97134,594.72211,1486.87923,437.08604,889.48794
image_024.jpg,pushups_down,1396.37519,567.70465,-55.18309,1422.19658,550.25893,-39.91897,1421.76422,547.78968,-39.86759,1421.51865,545.55543,-40.12069,1422.79883,548.2236,-110.52246,1423.05445,542.77748,-110.40077,1423.25326,537.46667,-110.56992,1407.43193,512.80469,89.64779,1408.10952,501.66249,-215.86547,1367.00206,555.84924,6.62215,1368.20575,549.89684,-80.9847,1256.03501,461.00754,305.7685,1278.37964,486.81008,-369.46215,1149.44671,559.03829,466.27595,1168.11773,603.50657,-628.76242,1202.9591,716.22605,427.15883,1271.05379,792.37403,-774.99475,1235.45081,741.11566,454.43648,1308.12855,828.73973,-839.74251,1252.04495,756.36945,387.27794,1325.07,815.70154,-796.81842,1237.46642,749.78157,396.83863,1306.71085,800.91845,-756.75998,876.25309,572.34061,217.47652,866.1614,591.93273,-217.06311,609.62794,662.80862,274.7894,540.28085,657.52656,-184.3056,337.52073,655.43374,448.00877,211.40062,659.02043,-183.78829,292.4586,625.6929,461.20813,153.08551,627.04071,-194.85418,289.8859,758.57984,407.52965,175.326,788.83242,-336.88158
image_025.jpg,pushups_down,1234.55183,515.67927,179.22142,1245.33237,503.08904,208.7526,1244.80258,500.90198,208.8947,1244.411,498.7428,208.60734,1246.09223,503.08304,149.51336,1246.32536,500.46686,149.57128,1246.50791,497.87162,149.51066,1232.60814,481.68286,306.53377,1235.05639,482.13418,45.96546,1216.04188,512.28546,223.40644,1216.90415,509.85623,148.41747,1121.70496,436.51344,457.42032,1161.63312,491.69578,-160.43887,1000.12241,427.37619,679.18141,1049.05746,532.15484,-325.71321,1006.37302,498.20997,770.70571,1091.25144,630.28372,-351.00493,1011.67247,512.49511,807.07823,1100.81201,655.77299,-373.91274,1023.45373,523.77758,766.65443,1116.7373,651.17307,-355.66098,1022.34924,523.63427,750.83831,1109.62829,638.73724,-337.30695,887.71281,503.36526,194.55016,899.65463,532.44909,-194.18536,666.67433,522.64105,135.9554,665.10142,561.08813,-248.42282,451.50502,513.35455,147.62379,450.93803,547.75077,-314.06452,414.63482,495.29957,140.60525,413.45281,522.48219,-320.96447,420.07141,571.33819,57.79639,418.21582,621.43719,-432.34402
image_026.jpg,pushups_down,1296.04151,791.60935,-380.27823,1322.57466,782.86909,-408.21999,1326.90193,777.53783,-408.19677,1331.09469,772.5828,-408.52041,1309.31386,790.55679,-446.99557,1305.04824,789.65222,-446.99808,1300.598,788.71447,-447.09854,1322.10363,735.18989,-407.90764,1281.82997,758.65631,-577.76615,1274.35996,766.63735,-358.38662,1263.954,772.95595,-405.76296,1261.08395,601.53826,-277.95102,1096.49965,691.19784,-545.81968,1151.29539,615.37388,154.78194,872.11937,725.90844,-429.00439,1192.15239,766.31565,339.65128,1023.85836,845.45704,-345.56359,1220.06864,792.76094,322.11442,1060.22796,884.98316,-389.57589,1221.59266,796.09784,299.3067,1109.36697,856.22374,-396.85803,1201.85673,789.19875,331.08034,1098.13999,842.93338,-350.47907,905.38157,527.41657,127.5609,822.31214,580.33722,-127.07984,765.1976,473.7286,586.46479,641.41003,511.56926,279.72453,650.51181,395.69663,1011.7376,517.2904,420.90781,656.4335,619.32391,367.31074,1063.12775,489.57129,385.01816,702.57498,647.79073,449.08956,1162.82479,504.20953,477.02351,767.10119
image_027.jpg,pushups_down,456.66874,714.99966,-540.24908,451.01693,693.29356,-594.30838,455.9228,691.20203,-594.14595,460.72464,688.94848,-594.24444,441.35465,688.46247,-537.82471,438.9467,683.79113,-537.72594,436.82081,679.34836,-538.12862,483.88237,655.9559,-675.2761,450.38855,644.94184,-427.02202,486.80184,706.01932,-552.22486,476.74414,702.70422,-480.00559,652.80733,613.28478,-630.19042,500.35259,598.66081,-242.49799,827.81039,630.63937,-574.32676,511.93919,607.61787,86.08422,758.9883,736.13273,-462.87164,451.11601,690.75936,281.29585,747.10482,756.58806,-521.11429,424.03601,701.75766,280.62846,710.59688,751.65174,-522.58065,423.11995,707.23658,241.8007,707.39524,743.0122,-465.37284,440.66299,705.7119,267.89056,885.42214,590.56794,-148.81029,826.16936,579.77615,149.03948,1022.40583,578.65285,327.34728,958.45181,573.71519,615.60503,1141.88558,554.72331,866.46384,1061.09897,547.09959,1181.70515,1160.48135,532.79449,924.24482,1085.01862,526.08782,1244.52256,1166.29089,621.11938,892.72236,1072.84307,615.89578,1240.54495
image_028.jpg,pushups_down,330.80792,714.78862,0.08785,300.48005,696.55359,-60.83863,299.51651,691.48036,-60.78178,298.53265,686.03266,-61.10688,301.28118,696.98328,6.98317,301.05705,691.73021,6.89666,301.1008,686.63209,7.01592,309.95214,640.50816,-203.07054,310.19972,644.80257,110.77656,359.32798,691.00636,-38.47713,360.51183,692.26229,51.9324,472.46871,582.07661,-337.51995,505.15174,595.88893,346.73806,595.17687,739.51278,-497.66823,621.37626,731.43445,495.75349,555.59276,955.74321,-565.49475,601.45641,889.14942,354.59282,507.26431,991.41476,-638.07816,554.34223,901.39552,370.30799,491.09388,983.499,-581.35263,542.34672,916.55296,304.70676,508.23638,971.66817,-545.98605,558.09868,912.54357,324.03554,926.44088,620.818,-211.35576,926.40188,636.03683,211.32944,1271.98552,760.98415,-139.95314,1269.52094,744.89414,218.38574,1621.76941,827.54805,-79.36044,1619.4541,789.61633,275.96799,1693.43719,807.42148,-87.06634,1693.30234,769.54841,273.4281,1612.96936,948.78909,-262.70957,1626.3927,923.22066,153.27082
image_029.jpg,pushups_down,424.59144,814.1429,-627.29417,397.29554,796.89887,-699.45631,399.47582,791.00377,-699.43607,401.70557,784.98854,-699.94993,391.99231,796.74773,-621.99403,390.94669,792.91896,-621.63956,390.25125,789.26326,-622.15868,425.30587,727.69513,-844.8746,406.24542,732.83551,-489.1518,465.13367,779.12868,-658.097,463.56419,784.32817,-554.02957,722.91512,627.05654,-821.04485,497.08157,573.94896,-286.64157,1031.35285,729.85252,-777.18728,573.94947,636.41536,235.49514,913.48314,929.90595,-699.61153,481.09661,798.67893,491.95552,894.05553,972.90461,-799.76324,435.73916,813.32773,490.42246,827.93003,960.61785,-784.43883,428.76607,834.30123,411.19004,824.13944,942.78181,-694.91898,459.80153,827.23685,463.55655,1134.35094,607.32943,-223.34211,1028.94959,577.61406,224.03402,1329.76112,602.41376,411.52524,1250.0426,613.71993,778.19086,1488.56447,570.87292,1136.11104,1403.01697,588.3124,1485.5058,1524.45436,537.41718,1210.81954,1442.75487,552.7119,1566.65294,1491.8773,679.94563,1194.70641,1405.62441,712.91809,1562.92651
image_030.jpg,pushups_down,1433.58675,808.81212,-333.59141,1460.33139,793.86915,-316.95651,1459.79769,791.00316,-316.81431,1459.27565,788.45048,-317.1205,1459.15486,793.87408,-370.92968,1458.36152,789.50248,-370.89119,1457.465,785.14549,-371.33962,1437.44895,748.12681,-189.99472,1435.91098,743.73122,-420.80899,1395.02847,787.86794,-273.69101,1396.14014,784.34266,-339.21875,1295.9174,617.60046,-25.28498,1230.27854,687.1797,-448.84125,1123.75362,582.47016,261.08807,998.52908,685.46398,-444.37558,1142.31874,726.31245,483.681,1048.67796,911.32416,-532.4791,1173.11385,747.78061,493.7334,1068.34274,971.75678,-621.13806,1187.32584,768.02983,440.24367,1111.81565,966.89987,-611.78361,1166.60613,760.75761,463.15756,1099.61311,939.90029,-532.77986,851.95715,583.31751,161.00274,792.4203,621.70335,-160.44337,588.11943,566.73211,445.89805,478.96735,632.47751,125.89738,379.43845,512.34154,735.35346,224.67641,575.78785,319.55797,337.34298,475.31093,762.93566,175.92727,538.44862,332.46258,343.7397,620.87101,746.86628,195.53125,694.14305,241.92669
image_031.jpg,pushups_down,1393.54243,893.07031,-821.72714,1423.42718,855.04559,-811.34675,1427.78648,847.8502,-811.43448,1432.08733,841.44375,-811.80318,1404.76403,859.08627,-875.3531,1396.6027,853.34398,-875.33857,1388.24051,847.76942,-875.47497,1407.96031,775.59897,-647.27785,1351.02666,786.25474,-924.12352,1358.42702,864.04869,-739.59472,1342.05322,866.66702,-818.11263,1325.72883,622.03089,-463.06914,1078.22186,697.43142,-789.48516,1266.35647,614.20106,-8.33307,803.32627,702.51527,-670.4288,1295.92999,744.007,249.55192,840.84414,896.57552,-521.49723,1350.87785,750.88326,264.0935,857.00628,943.67236,-583.08477,1331.45682,773.68668,219.92433,910.75297,922.08801,-584.71687,1294.7379,774.09442,239.19625,910.18587,904.39449,-525.42989,888.08769,575.18603,162.95678,760.33628,608.9035,-162.71055,728.91848,572.92368,703.84284,549.00119,594.31593,384.07263,591.02026,500.64808,1271.22339,380.58975,529.97563,862.82205,550.29079,455.58573,1338.12708,337.51238,491.87772,911.51715,600.31179,629.29934,1436.78417,389.49028,644.70909,926.70316
image_032.jpg,pushups_down,541.59317,614.71679,-748.18493,541.68308,558.31335,-793.92653,552.80866,546.9309,-794.00814,563.84869,535.63007,-794.27156,522.4009,575.70987,-715.57859,519.27646,578.76597,-715.41462,516.33343,582.18668,-715.72637,624.82502,476.81459,-854.35046,558.02662,534.73296,-510.29427,606.08187,590.528,-759.3017,584.89434,618.42124,-657.74385,987.40858,460.5323,-751.84479,677.58672,449.35742,-377.14553,1360.38957,532.31941,-731.10951,825.44138,526.40669,52.39474,1271.79175,812.64054,-669.97339,782.6455,733.19077,123.4081,1269.86431,874.59217,-755.16648,748.31984,765.65683,86.30922,1191.74634,867.42013,-744.47726,745.42502,780.56069,16.53924,1180.48218,836.42467,-666.80714,780.94608,764.27595,94.70054,1322.3205,533.28437,-178.82156,1173.03104,514.15087,179.97485,1522.67939,641.43341,335.15629,1384.10951,618.48259,582.65687,1674.45481,608.11804,840.89024,1569.64275,612.75304,1017.09534,1720.01037,573.44899,890.5999,1621.21088,573.56816,1068.39478,1645.695,743.75251,845.91158,1553.3719,763.20874,1071.38059
image_033.jpg,pushups_down,928.26155,611.10578,-1469.73491,986.55084,588.10808,-1523.92855,1008.83026,592.69915,-1524.24286,1031.48451,597.61006,-1524.02646,933.25332,564.40164,-1521.2463,917.50559,551.17333,-1520.92478,901.65422,538.52263,-1521.47884,1091.62105,584.8861,-1437.57363,910.43619,494.29835,-1429.37352,954.09102,630.13123,-1397.43105,899.72084,607.96954,-1394.05257,1173.1771,632.21756,-1106.29515,817.9358,461.31161,-1082.68627,1240.21782,772.36105,-652.52246,615.02066,568.44862,-817.37047,1255.61217,878.26897,-669.17878,596.78267,793.26805,-914.29559,1295.95835,898.02109,-740.00112,575.10295,854.54748,-1023.99859,1287.95315,909.53049,-791.89151,628.32361,849.98148,-1082.49686,1258.64602,901.8772,-697.82775,650.23426,830.82901,-951.62942,904.60995,758.26902,4.09011,754.77346,665.93978,-1.91259,823.41443,786.65998,757.93428,675.92036,677.09732,821.05652,772.36439,750.79567,1629.14609,654.42982,701.33814,1641.53381,776.61252,732.55478,1723.37135,677.70711,694.98269,1730.21856,687.87795,777.2771,1712.75516,578.20372,766.3345,1719.53901
image_034.jpg,pushups_down,594.70276,760.33714,-1220.44953,612.39486,695.71123,-1257.5522,629.41457,686.29465,-1257.29713,646.16715,676.94033,-1257.47419,577.28655,709.80912,-1206.69232,567.61452,711.06625,-1206.58342,558.37217,712.66065,-1206.81402,701.81806,627.80836,-1185.60784,582.85566,681.74956,-966.97699,658.07184,759.47431,-1174.54911,618.04805,776.42546,-1110.48585,981.46808,604.39911,-943.97045,629.64465,663.80985,-750.91555,1255.6235,607.59343,-711.30359,624.29778,629.09347,-263.97348,1273.79045,827.7749,-658.79748,574.77851,773.35791,-156.02366,1300.60303,859.86607,-760.48086,534.63656,790.6521,-206.10582,1245.59946,874.96654,-775.69792,547.45527,800.08257,-274.80531,1215.53971,868.58414,-675.20044,574.44017,794.38756,-185.78422,1173.44293,587.13752,-125.83496,1029.80722,607.16388,127.2699,1218.90183,544.75736,659.92825,1046.13332,550.91312,939.90911,1214.24331,488.30784,1479.61745,1068.41057,481.60069,1734.3141,1215.47886,470.31999,1579.90264,1078.24061,458.82719,1831.68485,1189.44327,552.59479,1632.03124,1045.5613,520.0815,1919.30334
image_035.jpg,pushups_down,1485.00641,669.11616,-961.50259,1499.02796,618.33448,-929.00897,1501.7738,613.68449,-928.99353,1504.73879,609.74375,-929.26393,1479.1788,617.2481,-1003.10319,1467.55068,610.44766,-1003.19183,1455.89385,603.92249,-1003.12217,1454.58533,560.58766,-703.2814,1390.0769,553.05585,-1025.53817,1442.09352,665.72086,-861.32583,1420.93824,660.09697,-953.49384,1319.501,536.13178,-493.62737,1107.07065,540.7125,-851.7317,1200.72321,555.81001,-33.02391,803.03346,544.21469,-690.73834,1271.38742,705.36435,106.02046,878.90933,778.20238,-427.08541,1317.92345,717.30825,98.58173,891.34532,837.65691,-472.08702,1320.1476,748.9073,53.81194,946.02256,820.37345,-467.883,1287.13772,747.13199,88.45048,949.04406,799.3739,-427.23748,915.94205,609.86144,151.79292,804.77743,609.75288,-151.04163,799.91285,647.95936,795.83206,687.4226,644.41768,523.65418,705.1843,648.72424,1400.65877,599.69659,646.14199,1157.00496,687.36489,616.25516,1471.90095,583.52479,623.77977,1230.65612,682.31485,742.56632,1500.45155,587.41364,748.71224,1226.65735
image_037.jpg,pushups_down,592.82731,673.82563,-767.69935,587.31762,634.35611,-818.04669,593.80487,629.12331,-817.64824,600.08795,624.02004,-817.65173,578.81371,637.19214,-748.97364,578.35893,635.21064,-748.50342,578.0541,633.57277,-748.88957,638.69993,590.0661,-844.36171,609.0889,604.67811,-539.45888,638.31939,670.73467,-759.85725,628.04594,676.55182,-670.08691,870.53582,600.43065,-762.24291,722.3399,572.80374,-268.29933,1119.28806,507.99485,-598.62169,874.45921,537.24305,198.21454,1057.36488,721.19934,-363.33956,858.1987,686.87219,425.96682,1043.28488,761.10414,-402.71316,841.52162,711.04574,415.78108,999.43704,765.97826,-404.033,834.2822,716.26078,366.76863,997.96209,745.66249,-360.65306,846.93832,708.7347,407.38752,1191.03306,640.0993,-212.74238,1111.70767,618.34072,212.8,1416.03071,674.38915,304.37111,1355.48239,645.45731,700.20385,1617.29344,683.06194,883.22248,1532.49376,636.7813,1221.08286,1658.63199,660.6639,942.408,1571.5615,613.54384,1280.76394,1627.5754,802.87487,916.99293,1553.87781,737.20901,1312.07811
image_038.jpg,pushups_down,405.33203,959.54889,-1160.59322,396.26302,902.68658,-1203.96615,406.98593,888.53714,-1203.76633,417.60695,874.62737,-1204.11164,374.41562,923.15917,-1149.0566,368.444,926.3541,-1148.6096,362.72408,929.95128,-1148.62779,473.18085,804.09387,-1163.60121,397.40878,876.59431,-918.28075,480.7048,926.33897,-1120.88997,456.68844,954.66068,-1049.31301,841.67878,782.32588,-971.31994,503.9576,692.17643,-667.01657,1233.17983,708.59239,-636.2329,608.33381,590.30318,-114.46047,1223.3603,957.97143,-344.57925,554.43665,789.54474,81.64625,1246.05276,992.71674,-406.03159,526.72343,813.67038,31.81645,1182.87973,1016.74912,-435.58025,525.86346,836.26885,-26.64873,1155.79675,997.19506,-354.7223,549.41737,829.31018,55.76547,1198.54047,731.0411,-181.98452,1043.32309,681.08313,183.03163,1380.45915,752.77567,505.69746,1241.52589,705.55298,884.35571,1541.4234,694.53017,1249.60807,1412.07277,682.2078,1538.17634,1586.72686,658.55303,1336.29504,1460.15376,639.22896,1618.83793,1527.74248,826.44785,1418.87594,1409.99972,819.41441,1740.96
image_039.jpg,pushups_down,677.369,620.9121,-409.62591,672.42223,601.60052,-465.86511,674.78907,599.31405,-465.78124,677.04198,596.86776,-465.86597,670.26969,599.5466,-402.58225,670.81815,597.02539,-402.58033,671.56586,594.56186,-403.01229,697.60797,574.58477,-567.404,690.52702,572.80193,-282.8613,701.5229,617.21697,-433.23461,698.95138,616.65596,-350.78799,821.10959,561.48226,-580.7873,763.34091,544.64456,-60.2705,957.67482,531.60743,-523.00141,833.44722,526.54731,184.59963,922.1163,625.58164,-445.48762,797.04045,604.63444,306.1771,910.95165,643.39992,-516.50695,781.59863,617.23787,319.66077,891.04576,646.97125,-490.76755,777.74277,624.58838,263.46103,893.51954,640.40999,-438.95347,786.6226,619.92817,282.89985,1039.87735,567.16531,-184.78953,1006.15637,546.62027,185.20414,1180.30443,575.83245,173.91178,1151.88514,559.99894,569.37903,1325.52798,591.89466,576.45866,1277.60679,557.54068,960.40373,1350.03795,577.44543,616.28211,1302.16445,542.43231,1004.50653,1352.48663,668.63323,563.88369,1299.57772,632.69251,1003.40321
image_040.jpg,pushups_down,566.62901,651.52875,-89.95058,547.74094,636.26011,-142.34366,547.83536,633.34542,-142.42021,547.83056,630.31182,-142.66134,547.54884,634.98349,-70.95567,547.27947,631.40361,-71.1186,547.03812,627.96104,-71.4898,557.54691,600.59015,-255.63792,554.60491,598.68178,69.08553,589.04912,638.95149,-121.25254,588.63277,638.45686,-27.19134,686.08703,569.11131,-368.89889,675.85585,563.7641,308.6663,848.85375,588.37556,-308.45206,843.33766,568.56201,245.64079,774.69571,696.25474,-42.00777,785.81026,659.76415,-159.59157,756.99681,720.26776,-62.95466,765.359,682.59168,-215.11196,733.53205,714.2378,-67.8,746.67218,687.07587,-233.0511,738.33012,703.53895,-39.07959,752.80513,679.55165,-187.55115,986.37309,588.31131,-221.64438,969.87267,581.53975,221.61352,1211.44783,616.94242,-136.67676,1203.23697,597.97793,273.69398,1442.51021,620.6789,-19.61903,1427.32117,605.10495,408.17564,1479.48168,596.31833,-17.33531,1468.6667,586.84232,409.55445,1477.84706,713.84941,-153.32123,1453.66502,698.4133,293.86141
image_041.jpg,pushups_down,638.16463,855.27229,-629.41475,611.86025,810.09945,-685.35276,617.74659,800.86147,-685.41847,623.63146,791.75321,-685.83304,601.59767,817.6175,-620.77633,599.46526,816.96176,-620.34328,597.49235,816.49015,-620.0758,666.59445,738.10644,-745.13323,630.12951,768.1419,-451.14932,696.06171,832.78208,-632.41411,683.43269,849.64783,-547.83977,996.50338,720.25226,-707.07846,794.31703,661.59136,-284.29352,1366.41301,651.82054,-485.09807,1074.02212,574.92929,21.24347,1269.15881,904.76256,-166.31157,1095.32472,713.69384,75.72173,1269.27845,964.08197,-193.30594,1098.78716,729.05671,48.4932,1206.31497,964.11457,-202.94676,1080.9797,751.83742,10.00573,1193.3025,931.88056,-164.44248,1086.54058,742.46451,56.62425,1416.57162,703.21436,-185.20727,1295.2429,661.29198,186.73546,1591.85103,750.04854,328.08656,1430.91069,744.94128,765.7038,1747.28254,764.86551,871.89547,1575.22376,764.53012,1258.98162,1786.38482,739.65112,935.94454,1620.15217,736.2582,1315.97806,1746.06335,897.39262,1009.89172,1572.92092,897.54228,1420.33922
image_043.jpg,pushups_down,1291.33597,720.1617,-1044.88874,1336.00119,696.8633,-992.90632,1342.49416,708.91942,-992.96751,1348.9161,721.49955,-993.17306,1312.50064,651.96754,-1048.53476,1301.93706,628.71259,-1048.68002,1291.24859,605.92625,-1049.11055,1308.69471,687.5326,-695.51559,1232.44447,535.7132,-931.72496,1236.45468,736.34596,-921.26404,1209.58788,677.55547,-987.97866,1154.26759,583.3886,-426.60421,930.32647,538.36378,-788.62576,1011.28797,601.3925,37.53466,643.24219,534.43464,-535.24112,1080.19688,743.93612,76.9994,651.86711,778.08262,-350.50727,1136.06414,781.35532,46.52768,644.16896,840.89755,-428.18013,1130.5067,806.75757,-2.08387,709.00578,844.65906,-444.50857,1089.28036,789.25174,51.92818,711.64719,818.58162,-367.93106,696.37637,515.37597,147.35776,571.10607,509.75988,-146.21543,572.72925,525.41969,807.7172,409.6235,554.32964,487.14378,480.76691,521.40295,1332.95956,307.14874,550.9372,966.55561,466.95113,487.3891,1396.283,289.86681,524.62584,1029.72612,451.70994,609.67459,1491.65254,289.56805,661.94768,1061.31126
image_044.jpg,pushups_down,1141.68953,754.22025,-731.62852,1145.77729,736.46523,-722.4564,1145.64518,733.0431,-722.64289,1145.47338,730.20726,-722.52897,1140.8963,740.34358,-771.59243,1137.71146,738.83868,-771.5679,1134.33573,737.51249,-771.8638,1124.2338,708.93952,-565.93409,1110.6533,719.26914,-793.92241,1122.55354,748.2344,-659.87066,1119.11969,750.75974,-724.67082,1074.17356,672.19906,-294.62184,986.74586,716.33688,-759.41677,1043.31874,690.74483,83.57948,862.94662,745.88746,-711.89162,1072.36873,766.81272,299.62946,904.75876,842.27627,-635.56417,1086.45365,771.9729,327.71745,913.46644,864.89959,-697.3064,1083.05698,778.00048,274.53074,935.17252,851.0642,-692.20688,1071.1961,776.92343,284.82937,933.65005,843.90726,-632.8153,884.03802,683.98826,162.41853,840.17999,702.7616,-161.96864,810.80258,702.57358,770.87075,736.29905,707.37075,384.21218,731.95296,665.5298,1394.71403,655.16678,683.72449,946.34094,711.24588,645.80099,1463.70518,631.06012,670.19736,1003.03604,733.55161,722.24108,1477.41584,659.36029,740.66898,949.49741
image_045.jpg,pushups_down,756.85011,671.2174,275.66569,737.55387,665.39695,287.82845,736.44746,661.65869,288.07348,735.3347,657.6754,287.71607,740.05854,672.68613,312.30788,739.84155,674.97123,312.42038,739.76801,677.34451,312.5329,733.74331,645.22711,362.19706,738.81464,669.22037,475.48421,765.466,658.65364,299.92756,767.0949,669.92584,332.30125,783.78594,604.37398,139.50257,793.32077,677.80604,396.19399,803.39559,664.31313,-394.70681,859.14429,723.01793,-84.72239,804.97399,758.07695,-794.45211,817.39529,781.88234,-737.88466,814.4176,774.98525,-867.6812,814.10808,799.59081,-816.00881,803.58117,780.25119,-856.85776,802.61202,794.88604,-827.46702,803.94719,773.54516,-795.94073,809.36635,783.13264,-751.60499,1049.23363,648.52172,-75.19599,1021.07924,686.13764,76.40576,1233.86039,683.36301,-425.4264,1135.39535,688.01536,-123.43901,1094.05063,606.65627,21.76642,1079.74667,669.69863,303.70761,1064.08032,579.4804,75.18242,1064.45458,663.48579,345.18582,1114.73088,618.55109,165.1109,1118.23415,681.47536,426.91261
image_047.jpg,pushups_down,1272.08629,920.31819,-1239.61377,1298.42556,887.81506,-1238.56318,1304.47541,886.47771,-1238.4623,1310.76947,885.8228,-1238.51388,1274.50202,878.07667,-1297.97421,1264.88369,867.77973,-1297.5828,1255.19571,857.95686,-1297.59584,1290.44472,826.92031,-985.99735,1215.85906,787.89339,-1255.28276,1239.76899,903.34152,-1114.49697,1218.82245,889.69936,-1190.84536,1257.80555,657.16786,-726.01903,1000.30576,699.08937,-981.7085,1196.24187,564.68918,-207.95968,787.43899,572.0979,-641.94733,1172.87274,730.59569,69.91115,800.95274,793.32954,-325.24632,1202.10288,751.02434,74.61386,786.38022,831.7024,-386.39958,1182.80938,761.40634,31.12349,832.38238,842.22806,-390.66735,1157.63634,758.33805,54.71873,843.21372,827.27967,-329.1195,904.07013,649.73449,137.57117,777.68513,664.29881,-136.81588,763.91928,672.05353,841.6984,627.79442,706.04873,583.98918,635.39266,670.09516,1592.92759,518.94402,696.79308,1288.25294,614.2376,641.67267,1683.85044,500.07636,667.586,1367.94274,618.62441,765.62153,1690.77691,500.02123,820.45326,1325.76647
image_048.jpg,pushups_down,1229.94981,825.46804,-668.2078,1256.06066,789.89012,-657.23085,1260.15723,784.33248,-657.32464,1264.2626,779.41591,-657.85566,1238.29484,791.10146,-721.19608,1229.72311,786.0162,-721.2821,1221.02795,781.10452,-721.51755,1235.17566,723.0162,-513.59371,1177.40063,726.75905,-797.2294,1192.48627,804.51821,-595.21393,1175.17237,803.93327,-675.34879,1117.33329,609.77128,-360.26033,918.87519,680.69495,-695.17657,961.38855,615.06627,119.45237,651.50835,707.6952,-511.62939,1009.80033,776.78105,348.07203,785.30784,859.43485,-248.96491,1050.17956,798.78794,348.16928,816.75229,898.80662,-300.93724,1051.89768,819.66022,296.31188,866.792,873.55659,-292.72743,1020.72443,814.03042,330.49122,858.52704,861.17678,-250.17724,730.65062,659.31209,159.84473,626.56482,693.47698,-159.43497,614.31824,676.09487,808.50597,531.28816,694.70814,506.40799,509.20582,645.4712,1462.4431,438.2126,669.29636,1154.18226,484.88875,611.34657,1541.29289,413.83411,641.39881,1228.53972,508.2107,735.67205,1601.50573,451.4667,761.30525,1247.1674
image_049.jpg,pushups_down,575.77672,765.46163,-590.9192,568.13479,728.6752,-646.6794,574.60248,723.44453,-646.69713,580.90094,718.15507,-646.94254,558.20048,731.04907,-572.8728,556.9165,729.20913,-572.59617,555.94586,727.57287,-573.01933,617.69907,681.19994,-716.73681,583.20624,694.02281,-390.95776,618.13726,757.69483,-600.54662,606.74265,765.27596,-505.73194,875.51106,651.97252,-718.46866,697.76707,662.71408,-152.17443,1137.80766,705.31599,-624.59237,814.35732,707.13201,244.87855,1025.59375,887.1612,-499.72521,761.91234,827.43854,429.02269,1008.37331,928.39381,-578.73982,739.01572,846.62503,438.88748,961.11506,919.98059,-570.50459,731.21011,848.24843,373.03638,959.52757,900.21528,-497.00762,750.29521,838.13759,406.7674,1222.66143,650.68876,-216.47298,1133.01108,647.43488,217.15395,1434.50215,707.06364,296.76206,1337.55495,719.37394,691.51482,1603.98563,707.63339,836.08948,1505.61976,715.0998,1163.20809,1638.60828,678.90562,890.26585,1544.10095,682.17628,1218.58671,1615.55896,834.80667,852.42376,1519.58938,857.65916,1227.46545
image_050.jpg,pushups_down,1272.52656,756.02461,-1152.75508,1291.10125,715.85186,-1138.9119,1296.08356,711.01574,-1139.03538,1301.0198,707.13317,-1139.00292,1269.16132,716.84703,-1201.89982,1258.99979,711.32475,-1201.74956,1248.7318,706.05679,-1201.89925,1276.56092,659.37002,-916.60038,1209.91939,658.56077,-1186.16969,1250.55237,746.58376,-1045.24316,1229.13313,744.4342,-1121.87134,1241.3439,591.63168,-637.09531,978.82611,611.39713,-1009.18702,1265.62983,648.67804,-156.89958,718.54891,623.76,-993.19224,1300.21132,799.58288,11.62197,750.43281,856.9859,-996.85776,1338.27108,813.90468,-5.73956,750.84097,915.50386,-1082.44144,1319.00004,828.89698,-56.33372,807.54283,905.95202,-1084.60258,1288.81459,825.39019,-0.17188,813.91037,885.665,-999.90558,872.55632,590.57819,161.77338,754.14032,598.85575,-161.14567,748.11358,619.37911,795.7086,567.76108,609.12392,471.41724,625.39535,571.28577,1507.37094,416.16433,578.63055,1079.48521,600.87319,538.1814,1585.3251,386.97036,544.84308,1144.74912,621.29533,655.67989,1639.14222,391.0832,689.21359,1140.34763
image_001.jpg,pushups_up,442.95508,382.62242,-80.49231,430.49495,351.19786,-127.38066,432.99521,347.62624,-126.91527,435.42232,343.50378,-127.04137,429.21433,349.93513,-72.04961,430.09192,346.14379,-72.06964,431.27611,342.53574,-71.96546,470.71817,322.90696,-227.48164,460.93405,319.69769,32.92223,483.28175,386.1749,-107.34081,480.46345,387.82238,-33.40448,625.44211,433.12774,-387.73389,660.60367,376.09544,282.24684,573.60622,732.95403,-457.67504,651.63978,621.91899,494.21884,497.43427,936.16557,-346.16847,533.67736,791.15086,562.80353,460.78586,972.02924,-415.92268,480.71378,810.9271,609.74024,453.49757,953.0919,-361.2087,476.18977,810.15843,546.73627,475.53339,938.2838,-327.41131,499.97353,812.94937,533.48159,1121.11119,621.07513,-215.79512,1106.41685,604.55668,216.19652,1464.60342,904.13788,-370.85919,1342.83593,772.76468,291.67815,1620.10012,555.34451,-100.43454,1563.03277,544.36164,589.3305,1591.65898,483.25139,-62.61444,1568.6863,495.50934,619.65167,1788.78065,510.14498,45.65886,1697.09991,512.37501,714.85701
image_002.jpg,pushups_up,485.72528,565.22987,-259.14808,465.83734,543.76173,-307.10408,467.10892,539.2431,-307.10911,468.3165,534.46886,-307.28508,464.16583,547.44457,-240.83108,464.44675,545.30441,-240.75874,464.96902,543.42338,-240.41551,489.48379,511.34812,-356.82675,482.91916,521.27081,-54.66127,518.23068,557.28594,-266.20223,516.67984,562.18199,-178.7201,634.04113,551.69845,-520.23269,667.14903,520.93529,271.62857,671.49986,770.42554,-698.12823,716.6385,714.93297,282.12897,685.30883,966.29885,-785.87231,700.3144,897.05356,36.59934,649.06077,982.13114,-921.64985,655.89791,906.01512,29.1154,644.38629,974.1784,-852.29257,652.45698,914.8606,-75.77421,660.78159,967.09904,-769.52505,669.3766,915.11939,-16.55277,1050.7175,595.95052,-259.17993,1043.73989,589.99844,259.09172,1347.18608,753.46088,-263.77921,1306.13314,728.90068,284.0036,1652.30876,813.14064,-213.87821,1592.04468,793.26104,450.05086,1726.30901,800.52473,-234.45699,1658.86738,791.34283,455.92892,1594.20408,940.97422,-522.20285,1551.62884,918.41102,294.44615
image_003.jpg,pushups_up,1231.47543,481.23758,-397.53903,1239.57569,462.42002,-370.22394,1239.36477,462.97585,-369.96118,1239.39691,463.90396,-369.97151,1233.5041,454.7228,-422.66266,1229.41382,449.19233,-422.74178,1225.14637,443.83994,-422.84818,1215.10975,452.5747,-207.4132,1196.44547,423.7585,-446.03757,1205.27479,489.76232,-329.43768,1198.26596,478.82489,-398.68965,1115.38938,514.88038,19.43904,1056.46676,441.18492,-533.35823,1152.83096,651.828,161.33926,1013.29845,593.31907,-589.25993,1170.97561,760.95217,46.89596,991.3719,764.92803,-589.08715,1190.8656,769.03907,17.26666,990.24101,790.24108,-676.31909,1190.73258,764.82821,-67.16476,1009.54823,790.22429,-659.89651,1175.78729,766.02322,5.8602,1005.99143,783.77494,-584.06215,824.35671,579.16742,161.97476,792.25107,530.95574,-161.43627,692.11486,657.61267,583.22643,601.21146,598.01871,89.79326,572.49369,656.47561,1153.4103,424.01808,647.53605,455.03612,548.19852,650.21065,1205.12197,387.92394,649.12298,480.27867,555.08068,685.69673,1149.57852,414.54745,704.1734,315.4017
image_004.jpg,pushups_up,477.38371,176.54815,-680.73205,485.60859,149.32212,-685.40661,493.12555,146.44509,-685.51808,500.71381,143.47818,-685.65143,467.25503,154.52583,-662.5814,461.62398,155.33513,-662.60974,455.90136,156.28919,-662.48693,526.13109,134.01022,-623.95653,464.76459,150.91246,-517.07042,503.37204,181.38126,-652.58355,481.12961,188.66853,-621.71752,633.88343,197.18993,-551.83711,470.65276,202.64978,-401.75575,678.82706,360.57226,-582.66658,477.18429,334.22084,-349.65429,674.10091,502.73655,-622.70126,451.53244,453.13751,-388.97087,688.81072,532.46337,-682.36082,430.18856,470.26433,-402.40576,665.24973,531.74816,-696.50012,434.78234,474.37817,-447.11831,654.10318,517.82445,-631.01569,452.2435,468.83063,-409.64327,658.42262,315.9416,-45.44167,585.6826,318.38395,45.67762,738.0971,352.09951,291.39622,635.04737,355.06613,430.44505,803.61118,341.77567,627.61302,691.35109,368.30101,807.42559,812.20763,333.85691,662.0552,702.51418,364.06792,846.18512,819.94994,367.6276,595.54502,694.88354,398.83108,807.35725
image_005.jpg,pushups_up,1724.75102,565.20228,-66.10612,1758.06641,539.42061,-54.65015,1758.06343,536.39167,-54.49855,1758.31095,533.73546,-54.94037,1754.7052,536.72967,-131.50105,1752.96512,529.76079,-131.89089,1751.12621,522.86993,-132.28635,1732.34914,497.23991,60.93105,1722.47209,483.0508,-269.88817,1680.88704,557.05692,-7.70007,1678.04867,550.01177,-104.80017,1489.4698,480.53634,294.2322,1513.83805,472.59045,-407.59175,1309.14846,610.45011,481.91592,1383.66251,733.22807,-450.39609,1334.61592,754.06125,364.48486,1477.33978,951.86653,-457.44988,1366.07307,771.21003,367.90901,1517.70803,995.42408,-564.55242,1389.76899,800.28831,281.15919,1543.56782,974.22696,-538.02682,1374.66482,796.16016,322.59885,1521.37189,956.91784,-449.85278,995.39389,539.67358,221.93897,980.29372,529.34858,-221.26297,616.3739,629.82523,247.3556,596.1649,648.97429,-119.82451,269.30634,677.21444,407.38743,214.14458,708.98822,37.30612,208.4799,648.3482,415.36928,150.13485,673.90069,38.40681,220.86826,811.08274,258.21853,167.51492,872.97919,-153.76815
image_006.png,pushups_up,273.99403,421.51209,-522.81445,270.85798,379.64612,-586.50551,276.79706,372.55299,-586.41252,282.57475,365.17104,-586.36196,264.12241,388.54674,-505.89745,264.62363,389.2067,-506.10408,265.32084,390.28452,-506.46324,329.29877,331.8372,-690.98003,303.08126,366.09381,-332.76418,319.12701,416.3348,-546.75629,312.03282,430.97318,-441.95962,562.65867,378.62386,-746.80692,452.12056,412.62096,-80.95074,728.92208,638.45075,-711.82139,539.22394,614.82355,78.24786,738.68459,910.07375,-701.40709,521.89848,832.31363,28.24542,737.79584,956.82278,-832.25022,490.43745,862.72763,-5.46752,692.07037,951.29254,-803.23099,482.26931,866.00511,-94.09542,696.6343,931.34998,-700.28501,508.11542,855.24579,-16.41714,966.66954,510.56925,-220.07211,899.27355,531.06829,221.06113,1215.13068,636.77519,166.10233,1154.33724,644.30005,507.30709,1465.51664,707.49371,584.82365,1393.22765,702.3822,868.71,1521.71927,690.33888,612.36541,1447.38388,689.37443,903.42794,1458.39949,834.57173,424.10707,1385.72572,819.64009,792.61177
image_007.jpg,pushups_up,1023.71367,531.49324,-1342.84794,1046.28819,508.451,-1328.14308,1056.84387,510.84773,-1328.09058,1067.7427,513.51629,-1327.91809,1016.42289,498.5229,-1336.44751,1005.65503,493.63914,-1336.40805,994.77154,489.04356,-1336.51202,1078.89934,517.60656,-1100.93329,978.78183,479.0362,-1133.22646,1034.10704,554.33132,-1243.78,998.87497,541.1326,-1251.64486,1096.39716,574.21902,-763.515,891.32874,541.7646,-984.56037,1098.62268,717.9874,-591.19314,801.01011,695.93575,-1018.99819,1112.19242,872.92163,-651.95587,783.14117,872.17386,-1132.79764,1140.15362,904.65033,-727.83392,760.79827,909.0684,-1270.95059,1127.17992,904.6255,-803.43396,802.49426,918.64293,-1287.01053,1104.22885,898.34684,-688.66816,811.56682,905.44447,-1150.68207,920.51587,673.74293,84.43506,831.74723,653.6163,-84.11737,860.73391,721.35736,777.38659,767.90981,702.66042,537.07088,809.54982,716.95607,1564.84297,724.62878,709.67406,1275.20032,796.75804,704.66469,1646.21807,715.88496,700.74549,1349.31014,812.90336,779.44446,1560.5674,710.14708,767.97121,1228.81298
image_008.jpg,pushups_up,1158.50633,395.41577,-1154.60444,1184.48232,355.39395,-1141.08766,1193.68785,355.49734,-1141.40598,1203.46802,356.04882,-1141.63909,1152.94888,344.75333,-1175.07698,1140.39096,337.5611,-1175.46176,1127.71694,330.63416,-1175.81016,1199.28166,337.13804,-930.75769,1096.88614,298.05263,-1079.56115,1153.256,411.7918,-1058.64607,1119.07337,397.58268,-1100.68452,1195.2917,405.92204,-680.04786,904.02054,352.87335,-965.34168,1171.60024,620.40666,-467.80081,762.8684,612.4536,-992.53515,1210.88428,843.33997,-532.10948,712.14624,860.38071,-1053.02182,1259.22456,881.77315,-601.45955,679.67996,907.49851,-1181.44973,1242.50122,887.33214,-681.52899,731.68016,911.20862,-1204.91025,1206.29987,877.51689,-569.2953,749.876,896.23961,-1075.13997,919.55456,573.19065,106.18764,781.31988,545.17412,-105.66163,857.30922,641.39444,734.99979,705.87802,617.07857,541.07874,786.60784,653.56157,1384.21532,654.57921,650.64734,1194.98127,772.66127,640.53894,1450.53772,643.23527,636.62335,1257.23078,792.59496,725.21417,1360.56401,659.17087,738.72854,1133.13266
image_009.jpg,pushups_up,1266.52209,473.41662,-1288.06364,1288.81684,425.49007,-1275.15491,1305.40053,420.42134,-1275.54872,1322.61194,415.872,-1275.67317,1238.3597,430.85545,-1275.89141,1219.17498,431.63904,-1275.89942,1200.04996,432.48814,-1276.27676,1339.73608,415.56227,-1074.1413,1172.93462,429.19784,-1076.57659,1292.01025,501.34465,-1203.47363,1233.65005,507.92115,-1199.78071,1402.00081,515.72767,-821.47687,1014.97311,481.87335,-920.45657,1495.48466,678.33433,-676.20196,785.21639,633.06547,-965.23565,1493.95618,916.2643,-806.1667,800.13612,889.291,-1079.47056,1543.61494,957.95547,-869.36478,793.30704,960.16181,-1193.71942,1511.49061,973.37281,-931.98992,852.12448,938.13813,-1213.49526,1467.54679,969.98812,-835.79364,862.60324,921.69731,-1097.25536,1036.56944,708.4512,91.82172,880.7436,661.90463,-91.75269,895.82524,741.53267,800.80502,781.35734,700.20294,610.7603,804.68827,742.27105,1493.2668,704.35567,715.42979,1252.01946,796.68129,721.0747,1561.42629,696.51448,697.22826,1314.96715,783.15896,802.55279,1463.79326,708.62135,803.71782,1196.50243
image_010.jpg,pushups_up,1302.87247,700.0084,-625.41203,1330.08596,672.03811,-621.76978,1332.8374,669.17713,-621.68034,1335.86965,667.04713,-621.92832,1317.44774,667.41539,-677.35739,1312.22887,659.97902,-677.6828,1306.80994,652.54722,-677.64792,1316.80297,620.64513,-499.02668,1279.4163,600.24029,-736.36642,1268.6338,683.45483,-559.07876,1258.53324,677.90831,-628.07328,1244.82762,568.34283,-291.27344,1015.21502,537.80354,-709.3332,1271.8526,732.75029,-45.40908,763.01349,702.94019,-745.5871,1278.20569,921.70155,-90.53683,784.31392,932.49765,-756.24898,1318.3414,958.05516,-138.04239,791.42787,988.22265,-859.23448,1297.96266,974.01562,-221.95448,844.45545,969.21533,-866.75202,1261.09722,959.66074,-132.05048,842.14374,949.87809,-766.06896,728.03906,651.41929,172.53422,613.37065,625.10655,-171.83017,485.88621,713.90562,591.56277,362.1395,723.46138,256.65005,266.46417,724.07184,1114.9585,131.15625,767.65993,668.15421,219.6169,696.27005,1162.24545,85.68584,740.58656,700.34386,242.86055,838.72046,1089.30723,107.25102,905.11056,577.86074
image_011.jpg,pushups_up,1028.43316,486.51873,-1105.84117,1043.58594,463.60545,-1079.26341,1048.34294,463.30093,-1079.34302,1053.34072,463.46208,-1079.40078,1025.7444,455.48356,-1123.81516,1018.40832,449.33508,-1124.0286,1010.92813,443.3812,-1124.22671,1045.06672,441.20006,-854.89131,989.90347,411.35265,-1055.57538,1016.28151,488.8385,-1007.74936,999.34816,478.64523,-1065.27023,1040.51994,453.61757,-607.79142,846.21801,422.54873,-954.57943,1043.07156,599.79409,-370.43077,755.57287,588.67074,-1042.7871,1057.91917,740.33003,-373.87099,731.56504,749.64436,-1099.55214,1089.61172,764.29831,-428.19002,720.49007,779.15217,-1210.30116,1077.97708,766.79217,-497.2914,752.93307,777.51724,-1216.01622,1051.44908,758.88461,-402.40067,759.2834,769.46391,-1113.25296,816.08236,521.47667,117.75053,723.17723,495.52921,-117.48055,740.5295,611.17215,696.06497,675.9219,564.14123,495.5396,665.41266,636.5577,1393.18418,623.76317,613.63788,1195.35164,650.99999,628.4517,1463.85388,609.35444,608.78023,1260.00819,660.48317,698.01664,1360.48131,626.03935,683.45835,1121.27498
image_012.jpg,pushups_up,1322.92032,460.98129,-377.40623,1368.0609,443.59993,-360.62332,1368.18924,447.82211,-360.43428,1368.62503,452.42648,-361.21213,1364.19298,420.77659,-428.03898,1362.42099,404.88055,-428.38919,1360.24637,389.10647,-428.02603,1334.26031,407.51904,-194.23265,1323.23189,321.1476,-488.72613,1263.43128,452.47357,-299.21909,1262.29753,419.15762,-385.19017,1152.3064,392.62642,-54.8951,1006.83465,271.21426,-585.1036,1097.23626,649.47588,100.74717,874.37331,664.81564,-622.47432,1147.90375,926.47063,-49.94238,985.0728,981.79817,-635.31556,1194.38157,977.81559,-131.31328,1018.40866,1066.83436,-758.79374,1201.73286,990.2834,-215.52206,1074.16475,1027.85928,-769.23767,1163.11887,966.03922,-98.83462,1055.25054,1004.76608,-649.76501,433.08614,584.82414,175.36574,326.20744,518.49854,-172.84907,207.47644,673.96172,602.22711,89.63028,666.95966,331.81787,1.54652,656.3953,1111.12993,-104.74969,737.27253,818.62266,-51.93155,621.26248,1161.87314,-162.09817,706.27322,860.78378,-59.68128,777.30773,1073.32839,-139.70914,884.8866,726.62577
image_013.jpg,pushups_up,1029.91703,410.65059,-1064.06454,1036.61039,381.93433,-1035.47356,1040.08312,381.20601,-1035.58656,1043.91959,381.07671,-1035.77804,1018.79424,376.55995,-1087.06136,1009.72827,371.639,-1087.19804,1000.59789,366.89567,-1087.36115,1015.71544,362.90267,-806.18866,958.63625,340.46813,-1034.2117,1010.18934,418.83714,-963.54132,990.10066,409.11594,-1028.82446,957.24097,385.63257,-552.50132,779.08287,375.60627,-938.78389,923.84449,534.72717,-291.15209,631.88086,537.40229,-957.90512,965.15467,696.3754,-310.69799,643.49955,747.90999,-973.01049,995.17416,722.49455,-339.86992,633.34008,792.88584,-1065.5627,993.85912,736.53558,-412.17812,673.20437,793.04932,-1066.24316,966.17747,730.9045,-340.04875,676.30937,776.27291,-979.32892,708.18744,477.47283,134.77797,617.40042,471.87988,-133.75,660.63781,546.68561,807.39602,561.73349,535.04237,512.03973,588.29335,564.72153,1506.16364,504.88678,572.50982,1191.19857,565.99511,550.07358,1577.90692,484.30581,560.85372,1256.45128,615.2767,636.8031,1509.20687,530.40651,649.58925,1139.55872
image_014.jpg,pushups_up,429.09111,323.26014,-1066.27224,426.99687,279.79055,-1107.4639,436.1029,273.85268,-1107.51173,445.16311,267.67982,-1107.79743,410.02331,284.70149,-1052.54302,406.62408,283.24032,-1052.55603,403.42961,282.3016,-1052.60192,492.41507,229.89991,-1122.59777,434.76983,250.92678,-883.68716,483.72663,316.28828,-1058.18476,464.72886,326.7403,-987.06518,769.19122,259.17173,-1085.08402,530.0586,264.77145,-626.67103,995.96102,524.40899,-1076.16409,594.53056,491.92242,-332.15622,1056.3248,836.48866,-1137.22427,575.03655,719.51375,-318.60113,1074.83992,885.72302,-1297.47701,528.16714,738.25346,-377.10963,1015.87188,902.16359,-1274.31936,525.85398,751.30657,-464.15997,1011.55031,877.38736,-1137.89874,567.89115,745.61304,-355.45949,1080.0389,339.793,-150.67411,971.51389,346.12745,151.53474,1229.08647,416.42731,541.64827,1108.60339,439.8865,819.04261,1352.98504,404.80106,1286.66197,1285.54554,441.48208,1492.94923,1384.80123,379.22786,1358.22363,1320.29383,420.56733,1564.02293,1335.1977,505.215,1266.7066,1299.98302,534.09722,1520.59509
image_015.jpg,pushups_up,631.28825,512.92145,-1631.96719,642.50111,471.12217,-1659.14373,653.38844,465.58575,-1659.22665,664.16442,459.89148,-1659.01619,620.30685,478.73656,-1581.80709,615.34327,478.11317,-1581.64616,610.53279,478.10751,-1581.72302,708.24509,424.7469,-1561.89948,635.33249,452.70873,-1202.91945,678.78727,510.07134,-1581.90065,655.50924,519.08001,-1477.08597,943.90188,463.69307,-1457.67843,683.92533,495.89853,-803.08447,1053.4583,739.13539,-1590.79003,687.78753,703.41714,-556.73154,1019.54424,982.87627,-1702.8295,650.11628,912.26754,-724.99698,991.55147,1021.76782,-1899.74814,588.78336,926.91653,-801.52957,946.955,999.6487,-1880.81048,592.11917,937.38856,-927.40523,950.73267,988.41578,-1708.92522,634.01562,936.87263,-781.9798,1169.94549,600.33933,-224.12506,1044.76761,624.66376,224.69544,1290.69452,732.18002,534.08415,1183.45369,739.32306,1049.84317,1427.44322,757.61701,1371.51945,1321.91262,770.84756,1948.98712,1454.75782,741.27696,1456.21035,1352.38128,755.71564,2039.4163,1442.15357,849.80951,1334.07352,1350.96867,853.08924,1942.99674
image_016.jpg,pushups_up,516.39697,709.73825,-88.19136,493.7489,687.25172,-140.94473,495.19331,682.80119,-141.58196,496.65733,677.96188,-142.64488,490.72643,687.54122,-80.03524,489.88476,683.34311,-79.70041,489.33893,679.05621,-78.83206,517.71516,643.58243,-250.49811,505.74636,646.10047,29.55153,551.08002,697.32325,-114.66389,546.96732,698.8919,-34.38275,684.92343,654.59388,-367.87418,701.24266,603.66479,262.99043,712.84036,886.93009,-460.11825,768.36574,775.27411,364.74434,712.16534,1112.35655,-361.76344,763.16642,928.57047,240.07194,663.97855,1154.59094,-424.88417,714.24113,935.6155,242.04087,655.15374,1132.46921,-359.00291,707.42961,948.90522,177.2504,674.10884,1115.19481,-337.4597,727.95585,954.19023,205.68773,1106.5413,679.61536,-183.54353,1101.35948,657.78294,184.4286,1400.72386,750.69781,-5.25317,1401.2046,724.03168,285.93204,1690.85343,772.53354,193.1428,1674.10663,756.6251,450.81782,1747.02312,748.16629,203.29956,1729.67582,740.05632,462.37188,1702.78981,859.88656,81.83187,1692.63481,837.60145,361.87131
image_017.jpg,pushups_up,1243.91703,317.8915,-985.90092,1271.6903,294.48142,-944.39326,1275.9295,299.75377,-944.40127,1280.60243,305.51783,-944.93388,1251.09731,271.16134,-990.27258,1241.29701,258.38846,-990.77014,1231.28029,245.7682,-990.99821,1242.2657,288.44859,-713.14833,1178.91744,206.46768,-908.26644,1201.44553,336.08233,-890.41123,1179.26013,303.12147,-946.55232,1143.13908,335.23008,-465.21191,867.10804,248.35917,-938.30623,1229.39952,580.80403,-266.79553,694.3934,595.94566,-932.26913,1278.57674,831.7186,-344.6681,638.81706,896.15929,-933.72234,1331.48713,881.00718,-417.00616,613.10837,962.66334,-1066.44767,1314.03151,892.51464,-508.3085,670.78149,962.24685,-1099.06236,1267.3509,876.5154,-390.87478,676.07334,939.27743,-956.38757,672.14446,519.82313,159.62936,531.92715,461.79588,-158.81226,515.88523,665.73815,726.96496,377.15445,610.06937,483.83696,366.22843,690.90968,1411.09435,259.38688,693.37614,1170.51854,330.96851,671.91244,1478.04059,222.95431,681.93477,1228.09741,344.8355,800.32754,1356.20036,261.01604,816.13181,1049.72329
image_018.jpg,pushups_up,1214.73023,343.45484,-1069.06266,1245.94672,306.61049,-1045.70897,1252.14871,309.58804,-1045.69913,1258.85191,313.17168,-1046.06401,1220.40835,287.32325,-1091.09433,1208.68381,275.13725,-1091.57313,1196.81972,263.09821,-1091.77375,1227.69078,288.68142,-841.90434,1146.97703,219.44128,-1034.03544,1179.20397,360.19176,-978.31664,1151.51328,333.22065,-1033.90013,1151.06525,350.57305,-581.348,858.3359,266.01358,-1027.8521,1239.71363,614.92471,-416.22985,720.4227,629.06112,-1046.41321,1295.2771,859.66914,-506.31855,704.8216,926.5529,-1039.54473,1353.32813,907.62804,-583.24507,690.99622,990.69923,-1171.80682,1330.50059,910.30103,-667.6944,745.8651,984.98054,-1192.70543,1282.6311,894.40572,-548.76688,748.15685,964.14448,-1056.99989,697.19482,516.66777,157.89856,553.3446,453.45888,-157.40384,511.48407,674.39745,668.97953,393.27813,616.12576,423.4766,350.38491,701.68794,1311.9921,257.70507,709.67541,1040.73532,312.80215,683.26138,1372.83918,214.93524,699.23381,1089.80514,326.66245,808.2934,1254.69369,266.34827,841.16527,919.21599
image_020.jpg,pushups_up,659.58945,415.92832,-991.44075,659.70269,389.63406,-1019.22866,668.4667,384.02297,-1018.94248,677.14384,378.35212,-1019.07985,638.59316,397.44604,-971.10421,631.82293,398.21461,-970.8719,625.53339,399.31614,-971.00585,709.01224,349.63552,-1019.68241,637.49344,375.31044,-793.74512,701.00046,404.64844,-979.76185,678.88163,417.3926,-913.33999,892.76771,344.14628,-996.93403,686.13587,349.49371,-575.12291,927.51624,633.01334,-1056.46813,659.36967,570.43669,-406.41642,899.28876,871.46057,-1136.91994,634.86153,787.17994,-540.62425,905.28086,935.32095,-1287.07218,591.37541,821.18023,-614.7828,855.47363,912.90601,-1287.57226,604.98524,827.91377,-721.07467,853.25795,891.40759,-1148.43414,637.80376,815.98345,-590.39253,1157.19163,348.43911,-150.57042,1055.43573,356.04631,150.85052,1256.35977,404.63405,451.52515,1129.91821,414.05173,774.18426,1370.78638,428.40021,1099.42094,1251.50611,428.86727,1442.87932,1394.78564,415.42843,1163.24457,1274.83498,418.3007,1509.77294,1387.31768,504.78192,1119.05484,1277.46861,488.31679,1492.92846
image_021.jpg,pushups_up,940.29309,633.32857,-833.7147,951.57223,620.49091,-849.36687,959.11362,619.49791,-849.10613,966.65135,618.52305,-849.32923,934.87176,618.2692,-826.4138,930.05602,615.68953,-826.24669,925.69026,613.08683,-826.14237,998.10987,599.1842,-838.88674,939.75756,590.57475,-724.44549,972.23842,626.14116,-818.43787,955.42871,625.31158,-785.25237,1138.30236,582.25247,-722.76414,945.51025,508.86685,-505.8839,1248.07044,713.48,-659.24922,919.20306,610.45634,-225.26486,1249.555,866.08942,-719.72594,885.66395,743.48664,-212.03016,1265.06385,897.76506,-803.00663,857.63458,764.84178,-235.6682,1230.39018,896.42947,-832.25296,867.91854,771.88699,-293.61503,1222.78783,881.20166,-734.66803,893.23341,768.84484,-230.06151,1235.00787,496.34133,-92.02193,1153.98998,454.36284,91.93728,1247.9317,527.90584,466.55043,1138.20307,473.41225,668.25401,1256.88238,481.68662,1122.67512,1181.37127,447.73171,1319.99524,1259.98669,460.54976,1195.80779,1191.11724,434.73593,1393.02657,1237.52929,528.10064,1242.72415,1167.52358,475.83831,1430.29337
image_022.jpg,pushups_up,857.14291,157.39772,-1474.96854,881.75491,101.19901,-1465.43451,899.48727,99.14266,-1465.69347,917.73572,96.97706,-1465.63033,827.377,99.5656,-1467.1945,808.09363,96.76673,-1467.25878,788.8631,94.16912,-1467.23259,937.53204,85.90505,-1218.33233,756.37623,81.44344,-1219.74551,884.94929,183.73401,-1367.96036,822.07794,181.18373,-1367.72039,1050.07582,243.60693,-975.03435,608.95284,224.20118,-983.48267,1130.40124,539.96874,-978.08376,528.83308,550.66825,-1021.39081,1211.31458,815.48219,-1090.37556,451.98171,837.79538,-1089.16963,1264.20633,865.45112,-1169.30209,404.53822,887.59051,-1142.39892,1223.31867,864.93727,-1233.93657,437.37627,894.76384,-1206.8823,1184.49651,850.48428,-1121.74246,477.02512,878.97595,-1117.15302,876.45453,539.15577,13.54018,681.56302,524.24037,-13.37008,836.7784,662.25969,796.13129,664.49275,660.54249,693.75235,801.46969,699.60668,1572.3203,657.81008,695.13938,1508.7673,788.91423,690.52747,1648.8255,657.14364,683.14917,1590.24409,802.52652,784.28276,1469.27464,657.36794,786.48591,1405.4112
image_023.jpg,pushups_up,719.16416,372.85778,-616.70338,707.20182,350.40387,-666.06229,711.2619,345.74951,-666.12812,715.30276,340.97382,-666.22088,700.86864,351.05453,-605.42258,700.43296,349.13192,-605.34108,700.19396,347.45935,-605.73152,748.09714,305.98784,-769.6491,726.02115,314.48612,-489.61962,758.63097,358.19245,-640.70304,753.47289,364.70714,-557.75508,976.06756,282.01209,-742.5604,823.23525,251.34183,-269.86609,1160.24012,399.98755,-655.70964,912.89007,360.65315,120.2986,1098.05432,566.95938,-596.83449,877.74985,511.98569,215.92698,1088.03806,605.75072,-696.35618,845.58296,532.08312,202.49816,1039.20513,596.76813,-685.43099,839.81179,544.47464,128.56281,1037.74803,579.00033,-597.71111,865.60484,536.63731,187.85159,1242.76109,294.90973,-181.26877,1165.52534,278.22281,181.83176,1413.18433,353.79464,314.58378,1342.72064,337.11261,667.47038,1559.46876,367.50211,865.8209,1480.88137,349.82322,1190.4814,1591.55432,347.09546,916.23784,1514.35003,329.4241,1248.50177,1547.45324,473.15937,848.07602,1474.57015,443.43136,1235.9061
image_024.jpg,pushups_up,1310.23703,363.38274,-76.57377,1337.18084,347.24998,-75.6428,1336.29634,342.51513,-75.39673,1335.6519,337.94749,-75.26499,1337.521,350.20148,-136.7479,1338.08625,346.6582,-136.93866,1338.5369,343.21219,-137.67861,1322.95955,307.50763,11.76367,1325.77097,312.03697,-260.7782,1280.83705,350.64045,-29.92767,1283.22696,351.51061,-108.32673,1161.44755,290.89892,231.82893,1192.91899,313.14219,-412.86549,1180.27635,527.0877,295.43924,1212.89783,574.3553,-481.03117,1230.67187,709.89633,191.60225,1268.64734,802.85146,-430.91399,1275.42788,718.22716,193.25767,1308.18317,829.57831,-508.17562,1279.65375,727.93881,114.11372,1318.18888,819.54915,-463.88569,1262.70823,731.94155,155.15204,1298.30887,811.87482,-411.56679,760.17972,438.28834,204.27733,750.09209,441.80902,-203.89177,560.14129,616.58149,342.98481,470.73273,579.34364,-106.38282,314.10024,629.8161,643.84165,176.40726,660.13479,20.87603,262.77907,608.54328,665.65103,114.29347,649.38506,13.76939,289.74619,727.51241,600.15776,174.79594,781.89545,-160.04874
image_025.jpg,pushups_up,1238.4329,376.47705,169.71944,1255.34647,360.39284,187.27908,1256.28977,355.79292,187.55813,1257.32732,351.16956,187.26527,1252.16541,365.94968,129.5645,1251.37549,364.47102,129.69262,1250.47302,363.0375,129.68842,1248.93665,331.38315,229.51518,1241.44708,347.95395,-26.36916,1222.20574,370.57787,197.09763,1219.16308,374.89831,122.77198,1124.58392,294.98388,376.27226,1177.94806,374.33879,-209.05517,1056.07557,423.30149,565.46427,1122.72385,527.24437,-260.09627,1062.12291,520.63048,571.33918,1134.60658,654.17982,-161.49588,1077.51223,523.79933,594.97402,1156.07298,674.51475,-189.95742,1088.38681,537.24919,537.95104,1164.90631,668.16689,-151.62301,1083.11108,543.49444,551.44535,1150.79863,661.39649,-138.5728,872.093,396.21641,178.18412,896.90014,439.84119,-177.59984,690.79696,472.12215,310.9098,689.68924,517.81853,-82.54834,489.90386,511.72481,453.73926,474.71208,554.14886,-13.3285,448.65567,503.00892,465.07845,433.53932,539.82498,-10.91345,488.01611,572.63472,429.07207,465.23095,626.44504,-83.32341
image_026.jpg,pushups_up,1222.35077,485.20167,-1086.52182,1245.94455,455.87279,-1080.66859,1253.35166,453.67526,-1080.71869,1261.2554,452.07248,-1080.99526,1220.9432,451.19543,-1119.78059,1211.30577,446.37209,-1119.86489,1201.58519,441.6319,-1119.81502,1257.54831,427.8278,-904.81721,1177.68785,404.61892,-1081.7313,1210.67096,488.66141,-1004.79225,1186.74353,483.38597,-1054.24433,1252.9925,422.19636,-671.63643,984.83157,410.78854,-971.34682,1233.51862,629.39857,-501.79328,871.05842,663.36667,-1024.61339,1174.03988,860.77829,-628.9455,965.3434,883.99524,-1081.63648,1200.09972,906.16259,-716.04103,984.23084,933.57278,-1213.49457,1172.24467,897.46118,-784.91305,1035.4262,904.09292,-1212.76322,1141.48707,885.88097,-662.40758,1029.03835,888.56458,-1095.98573,932.76451,534.14411,144.46737,806.39106,526.60217,-143.51851,847.90061,584.39854,820.69502,711.43192,608.57807,454.22109,750.09252,576.53668,1457.36205,586.38387,545.50636,1056.26545,725.01042,552.18029,1523.77619,566.50085,512.94859,1120.48506,763.99248,671.93392,1491.95634,565.03888,627.06014,1074.76068
image_027.jpg,pushups_up,510.38646,436.17073,-852.07141,512.70188,408.96635,-893.43027,518.92966,405.63038,-893.42712,525.08189,402.14067,-893.19069,500.21396,411.39576,-842.15633,497.53618,409.72242,-842.18532,494.94927,408.55645,-842.43061,554.43677,373.47544,-907.4585,511.26182,386.98399,-667.00205,542.11229,433.90683,-840.59159,530.34554,437.50227,-769.80374,712.08899,387.14789,-858.42632,552.49577,402.11475,-418.81161,780.3712,587.31908,-901.03016,562.05347,545.58984,-198.73755,744.24918,738.14091,-942.15928,532.60915,682.24349,-260.48237,731.90069,765.08045,-1055.59334,497.0452,694.06609,-294.6185,697.90719,747.32866,-1051.75825,498.42847,700.04981,-361.3378,700.6353,741.51151,-948.5155,525.28875,697.98677,-288.99849,929.54262,493.00992,-166.42507,852.607,503.70891,167.00451,1042.10241,545.03751,388.98297,986.96353,537.88802,687.04457,1175.17077,561.72929,873.53203,1090.45036,545.47568,1247.40348,1204.86313,548.56272,913.68182,1114.75742,536.67365,1306.53313,1160.81145,636.16293,761.28685,1080.80687,604.89696,1238.4305
image_028.jpg,pushups_up,334.34384,463.19686,-93.18598,330.44401,433.14845,-147.29528,334.10965,430.76847,-147.15566,337.57729,428.01231,-147.26191,328.54717,431.7003,-86.10608,330.80551,427.47491,-86.19255,333.3147,423.49488,-85.83345,375.95634,407.50087,-240.2303,366.49912,404.18198,37.11298,368.48512,469.07694,-114.82537,366.55534,467.9632,-34.92135,526.00203,476.85494,-342.17456,572.68465,434.26454,281.81099,539.90679,727.75185,-379.99334,616.20645,659.23556,319.2009,543.39457,982.07519,-415.78951,590.1036,865.12691,224.75546,498.17694,1004.50951,-516.81149,530.74668,862.30207,250.52044,490.67948,993.29659,-437.12143,529.89643,878.95802,160.2707,508.29357,986.27016,-394.89419,553.45234,885.23642,187.79813,992.12189,520.79949,-204.23769,991.56772,507.1137,204.59325,1315.22794,708.12732,-144.35476,1300.26286,676.17372,173.16992,1636.34788,825.62214,-80.27286,1628.34107,777.7655,236.80126,1708.6737,813.80603,-85.48052,1705.01338,769.47203,240.07491,1584.51267,934.42679,-248.5932,1589.68144,914.99887,133.76457
image_029.jpg,pushups_up,364.17895,487.27799,-817.60289,364.26759,442.07303,-874.2766,372.10031,434.86369,-874.1915,379.76014,427.48295,-874.22536,352.53985,450.97606,-795.12199,351.39203,451.04967,-795.243,350.57324,451.55154,-795.81908,423.93546,380.53538,-951.36011,381.52559,415.80672,-589.78734,411.48226,475.39648,-830.8984,399.71345,488.10632,-724.87579,700.87127,360.2198,-933.02787,469.42137,438.20065,-376.25313,940.27582,612.64712,-919.99607,507.12951,614.21585,-139.5781,905.10231,901.31015,-962.48512,431.92363,794.06425,-238.73576,908.52871,963.6674,-1109.48032,384.37797,818.54187,-297.7043,838.77876,957.67513,-1101.32505,378.0307,824.77783,-391.16339,832.37718,934.01442,-971.94263,414.47522,811.52155,-284.48955,1078.63043,462.68306,-211.08831,967.5378,507.36667,211.72324,1293.02722,534.04931,325.96881,1190.06985,573.96421,650.851,1483.309,526.06281,900.38945,1384.75657,568.63468,1199.05508,1529.27644,494.27172,947.53074,1433.23549,537.97359,1256.76651,1480.97928,651.01122,805.57466,1387.36332,696.53155,1181.99499
image_030.jpg,pushups_up,1499.64871,490.17403,-247.97451,1516.36771,467.9359,-221.05783,1516.39791,463.4638,-220.82709,1516.52647,459.28764,-221.03507,1509.7718,469.53423,-286.5923,1506.24119,465.43703,-286.64981,1502.54725,461.34553,-286.78844,1485.06475,427.52421,-96.80573,1469.37255,430.40222,-382.20507,1459.32804,480.30522,-189.86443,1454.7521,480.6376,-273.10966,1312.9521,374.40406,118.58062,1264.63995,436.98919,-473.20584,1238.27448,552.92393,315.72988,1134.21917,634.19196,-426.39592,1234.81159,739.85659,123.4457,1148.76138,875.07888,-319.56881,1284.22695,746.8538,66.99048,1190.52463,919.36491,-410.78436,1289.549,769.61351,-41.06702,1222.91067,902.52438,-365.02171,1259.81226,777.72345,73.31283,1198.13282,882.34661,-301.38661,870.14172,427.8807,180.53763,834.29341,460.23035,-180.62917,614.11613,502.35617,523.88357,568.63869,550.23881,204.84659,368.16497,531.52997,857.73838,322.89719,592.34035,518.65183,315.00476,509.40203,892.54289,270.33017,569.62997,548.16941,350.81172,629.02059,854.45523,319.95936,696.67246,471.69959
image_031.jpg,pushups_up,1530.46727,592.36266,-769.42588,1549.94698,550.02832,-757.46051,1549.17433,545.22409,-757.28408,1548.47386,541.22337,-757.43603,1540.26792,550.6641,-826.68888,1533.31937,544.33333,-826.88779,1526.15635,538.27022,-827.37957,1502.84921,492.29054,-579.77509,1473.95501,490.07221,-881.47673,1478.69943,583.05835,-681.87065,1471.42832,580.43223,-768.476,1345.24526,418.21123,-295.24842,1184.53345,495.77693,-844.46042,1269.36149,519.50067,139.27147,940.18231,615.85543,-760.66599,1335.5105,704.13099,302.20701,993.30071,879.48638,-711.14769,1398.90405,709.04461,319.67235,1021.35112,928.97735,-808.50637,1394.16043,736.93404,228.3941,1070.7499,902.96297,-789.14013,1352.44465,742.00166,268.43767,1061.58955,881.48571,-707.99053,913.78968,456.67422,197.73625,817.40312,492.46541,-197.38088,740.06311,513.78045,731.95502,568.61524,541.87828,328.90861,577.61591,484.56355,1360.3373,356.5448,540.01075,836.54209,523.90067,451.5909,1430.30584,299.67029,520.14787,882.67219,606.4718,626.49606,1493.0934,380.45999,656.60385,835.30151
image_032.jpg,pushups_up,658.87148,197.77358,-750.72614,671.16753,141.39706,-800.54463,683.45265,134.11707,-800.8645,695.75213,126.55773,-801.19752,651.21828,151.31467,-724.29027,647.65965,153.01022,-724.44223,643.99293,155.37776,-724.55306,764.01908,100.43051,-862.69978,691.35863,138.36789,-524.22431,720.63196,206.56436,-764.36897,694.99173,223.24933,-666.15231,1072.65492,194.21599,-841.87112,807.20128,264.17748,-361.31784,1323.54987,472.52864,-869.14065,871.91274,507.40008,-162.45218,1249.20602,806.97678,-864.90968,789.01986,744.75677,-180.34943,1247.99232,889.41873,-968.8819,742.53529,786.71111,-191.5023,1188.56997,869.35944,-972.33404,725.52096,790.12564,-272.58239,1184.8599,836.67684,-875.4609,766.70166,778.03857,-218.93677,1398.31785,473.28217,-159.54709,1256.14633,505.66369,160.61521,1559.22021,610.70543,389.03913,1413.76893,611.26181,715.74953,1692.60404,672.62799,1000.24731,1552.23986,645.12295,1306.00503,1730.56365,663.53575,1051.64021,1590.40719,636.69789,1367.95853,1673.28927,790.96415,901.91976,1545.41931,737.75786,1294.90055
image_033.jpg,pushups_up,1045.83456,228.41516,-1389.78969,1090.08366,152.48089,-1391.2842,1115.62569,151.91899,-1391.24634,1141.80986,151.45442,-1391.13836,1021.74951,145.3687,-1382.04722,996.02355,138.85069,-1382.18768,970.44263,132.80922,-1382.07513,1175.11244,146.97107,-1172.40949,938.20677,117.13669,-1121.84254,1090.23624,266.22207,-1291.46911,1000.80675,253.85674,-1275.7657,1312.5274,312.71641,-894.00995,764.24944,237.95181,-913.34359,1389.16128,567.86324,-830.99963,551.41796,511.31204,-1028.60862,1428.0412,858.50636,-964.10145,528.59288,822.5794,-1162.70835,1485.41796,924.37583,-1004.82485,500.70757,896.31673,-1244.12417,1444.19139,934.31708,-1062.44158,557.79409,906.3783,-1249.26287,1397.02076,909.56902,-995.91878,595.12489,879.28165,-1173.70566,1041.79026,617.90969,22.97732,810.14792,579.29617,-22.49992,1020.10803,736.67129,720.95525,787.45872,699.27477,622.47146,994.36377,724.52113,1413.52004,840.25216,710.12457,1311.97036,988.82554,686.66343,1490.32972,866.98776,681.59257,1387.05014,964.2697,861.14018,1446.24899,790.66706,846.04422,1316.61722
image_034.jpg,pushups_up,786.50393,35.1442,-1235.4616,791.30432,-19.89708,-1224.72622,807.6318,-25.32516,-1225.25623,824.12298,-31.03152,-1226.04286,745.90757,-8.12359,-1220.08183,728.86285,-4.49236,-1220.20574,711.64385,-0.30356,-1220.08274,853.43031,-30.98269,-1024.33132,702.74257,10.28423,-1018.28499,832.89847,60.25145,-1151.08262,775.25082,78.46915,-1150.20749,1084.83467,125.8157,-951.36666,701.35575,162.38596,-797.75711,1249.62499,465.89821,-1010.53692,645.10948,451.57165,-787.19857,1259.96466,786.20311,-1108.07168,560.99465,751.32709,-836.97807,1302.1787,859.69924,-1220.82735,503.92818,812.26293,-853.80564,1246.7359,864.43202,-1253.3907,507.24451,823.59395,-945.95855,1219.14092,832.81998,-1135.04688,551.70696,809.952,-883.52889,1224.29385,445.44749,-70.03288,1058.82288,458.62311,71.02546,1284.57815,537.40661,586.20366,1113.19651,562.39788,752.65671,1302.44365,624.90393,1254.82634,1170.95386,617.25043,1414.39658,1314.56441,633.05734,1310.2053,1195.68681,627.20307,1479.8393,1268.69452,707.89117,1150.7471,1110.41751,696.49274,1356.91972
image_035.jpg,pushups_up,1394.2167,211.13894,-1019.52811,1400.98327,168.77859,-984.06968,1405.09871,169.60691,-984.23553,1409.854,170.95958,-984.60304,1376.49847,160.40122,-1037.9832,1362.84443,154.20459,-1038.36409,1349.10563,148.24155,-1038.65759,1364.99788,164.70131,-760.37483,1283.51778,132.59708,-994.6591,1361.65852,242.6469,-925.30874,1332.71856,228.42969,-991.72636,1275.25396,300.19951,-521.72937,997.92938,246.20407,-963.30444,1242.59181,528.80275,-227.60587,823.42679,531.32959,-970.58504,1324.01025,737.29995,-270.51255,871.74191,795.22363,-982.74766,1373.32793,762.44296,-306.71338,871.67448,857.73665,-1094.42934,1377.68655,779.09839,-390.64536,921.65037,838.40507,-1111.79369,1337.68877,775.3724,-308.62703,925.49209,818.5267,-1000.77907,897.54485,526.25874,163.76918,751.40265,490.09354,-163.01795,793.4777,646.88288,745.61901,644.49306,606.88656,459.18275,671.36261,665.9848,1346.82441,563.86831,658.77552,1101.35811,630.92263,647.47206,1406.6543,534.23714,647.51232,1158.41803,698.32194,780.96908,1318.34632,595.01033,769.61384,1022.34979
image_036.jpg,pushups_up,694.08628,461.02432,-17.60693,694.055,447.2509,-50.19624,695.00242,446.23976,-50.23949,695.8863,444.96019,-50.31155,695.9555,446.97471,1.09336,697.64326,446.18384,0.99229,699.4057,445.39414,0.84158,710.26323,441.72828,-143.79617,713.65532,441.79008,90.29702,705.46985,468.38049,-46.34451,706.33469,468.92934,21.40346,752.37666,487.75198,-283.74301,780.39837,471.86551,259.11642,796.33517,579.90027,-324.68383,818.03068,557.1249,325.11747,781.08883,657.70207,-321.57228,809.9191,633.14747,179.01914,775.5502,675.30542,-371.866,807.38309,646.99209,171.95456,768.41378,669.56841,-348.73295,801.80386,644.72433,123.77587,773.41704,661.05743,-313.19193,802.26996,640.95923,153.22386,918.34206,549.1546,-169.4484,930.82952,531.22161,169.97818,1054.23907,587.55697,-130.24178,1063.19398,572.37547,176.27507,1189.98498,620.16169,-45.41402,1194.75766,610.8922,243.7233,1214.17514,611.04108,-43.52152,1218.98808,608.5153,244.87009,1202.61714,675.83955,-161.86663,1202.39238,658.75456,159.79973
image_037.jpg,pushups_up,674.86102,352.72109,-487.76849,664.35668,323.08067,-533.72675,668.54367,317.78753,-533.73543,672.77323,312.16496,-533.93438,657.58378,326.75357,-470.51311,656.42352,325.52449,-470.38858,655.42391,324.71843,-470.56145,705.81457,283.73359,-627.48732,681.73362,299.2361,-338.86831,715.2631,346.63942,-513.24627,706.99881,354.4721,-429.63571,916.90656,307.57418,-703.75692,802.08634,344.57128,-157.47247,1033.75499,526.30177,-728.71963,818.2887,538.00369,-43.84743,1046.90596,740.42748,-708.24947,813.57517,729.95444,-125.00587,1042.61556,781.14871,-806.10777,788.38155,759.55797,-152.79507,1014.32661,767.58604,-799.63027,786.53152,758.68484,-228.21177,1014.77154,753.02477,-711.8448,805.6754,750.55097,-164.23489,1228.17275,464.50711,-172.96307,1156.98537,479.01163,173.5524,1429.68382,594.12094,203.56702,1257.97341,545.19785,655.2689,1607.78075,666.30126,600.12699,1395.26619,577.13163,1146.22226,1641.57172,656.36161,635.04227,1423.67785,571.34864,1193.44158,1628.42908,766.773,498.95535,1411.46102,636.97025,1143.98187
image_038.jpg,pushups_up,573.80478,291.71014,-890.45412,579.55988,233.61808,-923.67709,592.49028,224.61432,-924.06839,605.54159,215.3363,-924.86442,554.47743,247.52547,-855.57754,548.58536,249.66187,-855.59235,542.58755,252.42903,-855.47689,674.68584,181.4283,-941.41763,588.44519,229.6595,-646.74025,645.7651,291.71235,-889.46592,614.24458,313.8445,-804.53934,1020.92894,261.17398,-968.10731,718.05123,322.01651,-476.40832,1235.39814,608.94073,-1004.65797,746.0317,595.71886,-314.42611,1196.91889,960.99595,-1035.49414,651.70206,859.46771,-390.66063,1220.09861,1053.80934,-1167.6979,600.43515,912.79151,-416.2225,1152.51252,1041.68774,-1196.65844,586.8323,916.19041,-505.25114,1138.30624,1003.58455,-1056.7765,627.23887,903.72113,-434.9038,1330.43082,522.85083,-153.64433,1159.54731,540.72298,154.80354,1469.08042,665.83321,400.98305,1192.5159,632.53829,791.79801,1583.53208,739.10111,978.99195,1322.62247,675.85498,1476.38732,1620.68027,730.84063,1027.53103,1362.26303,672.51152,1542.61285,1548.44709,860.063,879.86012,1288.71813,768.58977,1524.84085
image_039.jpg,pushups_up,716.45847,477.21326,-345.22834,709.75115,456.89019,-393.97457,711.66023,453.97982,-393.8046,713.56782,450.90496,-393.84715,708.15187,457.77032,-329.11559,708.88231,455.70355,-328.97444,709.82641,453.76466,-329.17867,734.30807,430.00259,-495.48927,728.13474,436.23935,-197.69556,742.29046,474.52673,-373.40583,740.52121,476.09932,-286.0097,849.94066,428.32954,-562.59473,805.86393,455.53354,37.09657,943.90908,513.18745,-638.26002,832.74863,542.38047,288.99545,929.56778,622.17348,-714.89716,800.06869,615.14402,225.98955,922.88586,645.94809,-819.56985,781.5523,629.08678,199.32226,903.59173,640.95505,-808.62401,776.61023,624.91426,133.39598,908.94083,632.58582,-717.9301,787.33233,619.7277,192.37613,1050.49399,490.0572,-196.81921,1024.07855,495.95233,197.4004,1187.10452,538.8568,180.49946,1171.37606,529.7088,513.07797,1333.71254,567.61409,609.37154,1301.11786,554.71218,924.7286,1366.36383,556.51823,642.78163,1330.04673,547.93245,966.14452,1338.74863,651.11149,518.46058,1305.27906,623.7642,901.43965
image_040.jpg,pushups_up,635.77252,417.63625,-164.79239,617.98388,398.20649,-219.89712,618.1495,394.75019,-219.84041,618.29179,390.98959,-219.88694,620.10639,397.37334,-150.2763,621.78906,393.92897,-150.35824,623.62797,390.69008,-150.3996,636.69752,362.45151,-343.32315,641.4671,363.75174,-24.66445,662.0574,409.26968,-200.5399,664.78642,409.61479,-108.12952,768.40617,363.40415,-484.1566,782.88347,379.44077,213.57786,830.20245,533.81511,-596.30816,847.62272,523.94892,274.23915,792.45273,692.68503,-592.50887,813.69368,651.09387,94.12505,763.38369,709.75394,-680.53101,781.39703,655.13667,90.44612,748.76536,700.77244,-632.66083,768.62069,662.13963,18.92297,762.56981,694.21247,-577.4174,781.29437,662.5104,56.19782,1057.95234,471.24752,-221.18378,1046.36231,475.24714,221.37151,1283.88575,579.45599,-118.30188,1256.99973,560.51132,315.37362,1513.46243,636.88504,5.05562,1467.7568,614.6571,487.40846,1563.77671,627.50306,4.22043,1515.72878,612.19583,500.27378,1494.31431,729.77271,-183.89208,1447.57261,701.37461,389.2425
image_041.jpg,pushups_up,743.84799,256.26804,-799.3386,747.29699,208.60399,-841.94483,756.05299,201.70487,-842.29484,764.83942,194.56553,-842.57113,733.03684,218.8834,-778.84987,730.84758,220.22449,-778.93709,728.49447,222.12708,-778.96402,820.42445,167.42662,-877.70283,769.7756,203.18245,-595.29103,798.06885,258.94059,-800.66851,781.6835,274.98942,-718.46317,1097.97951,262.99973,-885.76849,884.67615,287.38924,-380.49258,1250.59369,597.39294,-897.27851,907.22717,547.5559,-213.15085,1245.18311,904.51077,-912.66486,825.45734,803.78445,-248.6077,1265.21712,968.87807,-1043.13058,783.61757,857.15597,-281.88952,1211.88019,963.00697,-1055.88158,775.27145,850.5895,-358.19083,1205.65465,935.33979,-929.51808,808.74,838.17663,-287.06924,1401.40511,527.23952,-176.8747,1271.02071,535.01909,177.71363,1562.2941,741.43254,276.20983,1433.80659,693.30199,600.62079,1711.87351,849.78996,758.29675,1600.40366,783.2989,1103.83915,1761.3885,844.57363,791.28672,1648.05915,782.0826,1150.55317,1655.49531,970.43935,597.68062,1561.62885,889.71418,1064.08444
image_043.jpg,pushups_up,1288.34788,234.30629,-809.29669,1308.83906,193.8821,-771.74839,1310.90582,196.00529,-771.93541,1313.36501,198.74168,-772.40637,1291.2272,177.9621,-833.39683,1280.84698,167.09903,-833.84755,1270.32024,156.37104,-834.13385,1263.66599,174.36414,-574.50754,1206.88185,116.05704,-835.48343,1238.25046,252.43247,-725.5257,1218.61142,228.59985,-800.88846,1127.27222,262.32849,-342.35948,889.46421,167.93391,-890.26293,1084.45838,503.54028,-99.19969,682.3769,471.19437,-901.43833,1090.57046,766.85672,-234.0276,687.87429,811.23349,-883.62344,1130.82937,812.33916,-306.33429,687.65559,880.30986,-1010.43903,1128.6074,820.16753,-392.12022,743.06728,879.63995,-1020.15332,1087.70532,803.89024,-277.32745,739.04689,856.95829,-899.85752,657.9331,429.0104,195.97175,532.71455,371.68376,-194.5744,497.24199,516.21136,752.55492,387.22687,492.99093,396.70594,368.21129,505.02374,1322.53908,253.33173,552.35246,950.8379,334.9084,479.5092,1381.56533,215.19289,529.05431,1000.05916,366.42608,606.90432,1323.5199,267.83317,685.78384,885.37193
image_044.jpg,pushups_up,1105.49322,632.63778,-1171.8266,1105.4811,612.41685,-1146.91939,1106.84555,611.56889,-1147.12745,1108.38615,611.31599,-1146.90612,1095.98482,609.50108,-1200.39402,1090.96565,605.82756,-1200.55679,1085.75547,602.40964,-1200.69347,1088.62564,593.91554,-866.60219,1059.94338,582.8033,-1112.3044,1092.32473,635.57746,-1050.80054,1083.77941,631.73469,-1120.41541,1070.76454,589.26209,-485.09258,956.66758,609.54162,-989.52624,1091.21088,672.07336,-77.59116,882.30817,713.74086,-1019.0675,1081.88251,760.48859,-6.73409,903.79687,812.42257,-1102.16083,1090.44968,772.25944,0.32817,900.23235,835.0845,-1189.2916,1077.67305,779.39958,-64.58695,922.7725,824.13025,-1204.75515,1066.00753,777.16477,-27.6921,925.85782,817.38335,-1111.95519,896.30329,638.58595,166.5811,840.18165,640.82397,-165.63538,821.91598,682.11687,773.93388,750.53907,664.95224,368.60053,736.1229,665.05453,1521.26838,668.7188,675.40833,1025.2012,716.56267,645.23442,1601.24883,648.72998,669.92966,1090.11465,741.2676,729.99264,1551.99292,666.56774,720.76021,980.10556
image_045.jpg,pushups_up,1070.10467,392.30146,-1241.8306,1081.73428,364.01983,-1233.27591,1089.71134,362.67047,-1233.38228,1097.83207,362.02425,-1233.50696,1055.49143,360.23135,-1263.7989,1044.81165,356.35193,-1263.91431,1033.99827,352.68909,-1264.02298,1093.41867,347.23641,-1027.75213,1011.24222,332.89799,-1158.84261,1070.20578,403.04681,-1144.63039,1042.04591,399.39773,-1181.96239,1111.28995,371.09282,-718.0069,891.93564,359.68928,-982.16065,1133.24968,511.56733,-407.86069,786.03456,527.34936,-964.43807,1134.85353,647.80887,-381.82736,764.15387,696.31057,-1015.45477,1161.35328,674.52536,-413.07442,745.31744,734.37607,-1120.92623,1140.85683,684.30345,-474.2587,783.20408,730.65817,-1139.18938,1114.93345,676.41476,-405.2435,793.02686,717.21545,-1033.70419,880.8712,407.17001,92.45447,783.97467,391.52326,-92.53114,814.15252,512.74205,645.74033,723.33147,484.15902,513.92222,737.48238,557.13892,1394.75887,673.55083,547.66054,1244.83357,723.85025,547.31138,1476.65578,663.50798,546.81629,1321.00111,725.93359,627.88753,1411.85339,662.26883,618.47584,1221.65088
image_046.jpg,pushups_up,543.38639,489.21956,-998.84557,539.95952,430.31378,-1034.37378,551.3288,416.6668,-1034.46254,562.68732,402.88478,-1034.77606,515.27415,454.71485,-964.10694,508.09649,460.1907,-964.05741,500.96791,466.23515,-964.30562,612.60836,348.92246,-1005.55289,527.65432,431.27596,-691.95479,603.57995,468.34879,-972.74867,574.49862,500.95118,-880.88252,908.71109,362.07068,-894.09659,621.98991,460.32359,-486.58234,1159.20291,561.79359,-877.7097,692.51486,639.15901,-189.47269,1173.60329,837.08942,-920.54447,660.7932,837.51699,-234.89306,1195.70073,899.10754,-1039.19404,628.98364,872.45472,-268.75923,1144.42553,904.09969,-1046.61681,627.03859,880.19466,-343.25426,1128.94631,880.47293,-928.69906,661.57465,863.7732,-270.51638,1161.22735,591.10322,-149.07515,1017.8037,630.38035,150.03037,1279.80462,699.07983,457.05783,1116.00864,710.33332,779.15218,1376.33433,725.35141,1072.55735,1236.69774,730.45716,1422.28348,1404.58194,707.2269,1129.91283,1269.422,715.29459,1489.42313,1375.0822,839.45892,1014.81229,1243.4189,822.98652,1449.29828
image_047.jpg,pushups_up,1087.78425,357.92025,-796.35141,1113.63763,327.26889,-778.57353,1118.41694,329.07813,-778.45165,1123.49787,331.44939,-778.83117,1094.0043,313.34414,-822.45969,1084.95079,303.76691,-822.85505,1075.81321,294.38374,-822.93935,1100.09339,305.95813,-611.76634,1039.60581,257.84393,-798.488,1060.80753,367.54655,-717.9806,1039.84121,348.53805,-772.30354,1031.80111,324.92438,-364.64354,797.44467,286.79235,-772.60288,1000.42426,501.17139,-94.45993,592.36092,515.89338,-766.2566,993.90407,694.37158,-92.37624,581.78711,749.06384,-740.87859,1025.58826,735.63288,-119.6424,571.2463,799.76159,-838.19364,1010.92492,750.38316,-191.53433,619.97051,791.89824,-848.96716,975.79877,735.70118,-125.33587,623.51833,773.07287,-753.5895,633.02548,434.72355,139.04659,522.20142,404.03402,-138.51215,476.55253,550.17937,549.81673,401.90474,512.5011,333.81689,334.62559,590.25061,1019.72096,282.54892,588.254,838.16499,302.87051,572.93924,1066.20701,254.74165,572.64758,882.33717,328.70318,704.60674,980.44894,275.68407,713.52071,775.18132
image_048.jpg,pushups_up,1250.03403,592.90997,-710.42074,1262.35827,558.86612,-700.36244,1262.32659,554.20134,-700.30817,1262.51829,550.17487,-700.62575,1253.58225,561.09567,-767.11406,1247.7981,556.87086,-767.42444,1241.88196,552.74361,-767.59664,1227.54231,510.4669,-562.03552,1201.54893,513.42323,-849.47564,1211.23211,583.6902,-637.7186,1204.85524,584.93665,-720.64768,1124.69395,491.14847,-333.13446,967.14822,504.0299,-806.59889,1037.11916,632.71805,8.96003,764.51835,657.42417,-797.33292,1047.30607,811.8754,-33.35528,878.94158,871.18034,-793.77417,1071.70372,833.99716,-64.71364,909.97158,921.84207,-888.4111,1072.15919,852.54675,-156.19612,953.53421,892.34955,-881.45752,1046.51993,847.62556,-72.27456,942.28384,874.75353,-796.02514,799.74219,580.6209,166.18786,714.59909,580.66785,-165.75196,663.22272,654.69034,639.66657,587.75473,649.24267,389.97542,541.24471,660.21267,1253.76858,470.87578,681.87703,1014.7138,500.90174,634.80842,1316.27259,434.89543,667.58466,1075.62185,564.54418,769.42283,1259.86773,490.95159,773.84463,992.47659
image_049.jpg,pushups_up,706.56957,400.25455,-776.01962,715.66815,357.78914,-810.79577,725.52851,351.69005,-810.72594,735.17851,345.39383,-810.73646,696.58569,368.52517,-747.66804,692.18727,370.41184,-747.74536,688.09082,372.73655,-748.03457,777.24482,322.4686,-810.75654,712.20234,358.24275,-524.62425,750.85728,404.31906,-764.57726,728.96263,417.89704,-680.89966,960.87166,378.40098,-813.04485,797.42271,425.47242,-277.48744,1044.11769,636.92144,-848.44043,787.68697,628.10452,-149.92668,1033.17129,865.49234,-901.17417,751.45217,829.34087,-243.20198,1028.89949,913.28813,-1031.71316,714.36706,859.84684,-286.27913,990.29591,901.85771,-1020.76435,715.69097,861.74441,-379.28074,993.2219,889.14205,-907.14178,745.64292,852.62727,-287.61916,1303.0063,483.79851,-190.41493,1217.36707,514.00835,191.13738,1451.50413,625.49494,233.21794,1362.39136,648.37129,599.54561,1602.22987,725.81718,696.18221,1510.08154,729.1151,1073.98266,1643.29563,720.33915,734.31591,1551.01713,717.47463,1118.04508,1588.20501,837.51484,594.39233,1505.85778,851.88368,1038.3491
image_050.jpg,pushups_up,1191.67371,278.53874,-1181.97371,1224.24196,232.45847,-1171.19533,1236.86508,232.41368,-1171.32035,1249.98221,232.85694,-1171.60779,1184.41038,222.99767,-1196.52119,1168.21536,215.80544,-1196.62985,1151.95239,208.81832,-1196.78346,1244.05852,218.64318,-965.29742,1114.3453,183.36606,-1072.76026,1187.44663,303.94301,-1087.08115,1141.47758,290.02628,-1117.73637,1232.42342,291.6649,-690.31685,907.82184,276.23319,-986.6452,1291.18408,557.19415,-497.45588,795.60971,624.07744,-1032.3458,1340.69311,825.76941,-609.39813,779.52667,899.5501,-1084.29402,1407.32915,871.49828,-701.56654,769.89244,949.35981,-1224.35073,1381.21933,873.30651,-778.41602,815.59138,935.47478,-1239.39153,1330.0282,863.12996,-646.86796,823.58389,921.95249,-1105.74497,816.08676,511.529,135.59186,672.76481,487.22605,-135.08908,642.74429,648.2081,681.53985,506.04146,612.62934,459.91611,489.85502,657.42131,1255.14618,412.83799,649.37005,1018.46517,458.82648,636.33838,1313.62157,389.11702,633.86965,1067.33699,466.78219,751.77354,1271.36751,416.78363,759.24472,983.85281
