image_001.jpg,442.95508,382.6224,-80.49231,430.49493,351.19785,-127.38066,432.9952,347.62625,-126.915276,435.42233,343.50378,-127.04137,429.21432,349.93512,-72.049614,430.09192,346.1438,-72.06963,431.27612,342.53574,-71.965454,470.71817,322.90695,-227.48164,460.93405,319.6977,32.92223,483.28174,386.1749,-107.340805,480.46344,387.8224,-33.40448,625.44214,433.12775,-387.7339,660.6037,376.09543,282.24686,573.6062,732.95404,-457.67505,651.6398,621.919,494.21884,497.43427,936.1656,-346.16846,533.67737,791.1509,562.8035,460.78586,972.02924,-415.92267,480.71378,810.9271,609.74023,453.49756,953.0919,-361.2087,476.18976,810.15845,546.73627,475.5334,938.2838,-327.41132,499.97354,812.9494,533.48157,1121.1112,621.07513,-215.79512,1106.4169,604.5567,216.19652,1464.6034,904.1379,-370.8592,1342.8359,772.7647,291.67816,1620.1001,555.3445,-100.43453,1563.0327,544.36163,589.3305,1591.6589,483.2514,-62.61444,1568.6863,495.50934,619.6517,1788.7806,510.145,45.658863,1697.0999,512.375,714.857
image_002.jpg,485.72528,565.22986,-259.14807,465.83734,543.7617,-307.10406,467.10892,539.2431,-307.1091,468.3165,534.4689,-307.2851,464.16583,547.4446,-240.83109,464.44675,545.30444,-240.75874,464.96902,543.4234,-240.41551,489.4838,511.3481,-356.82675,482.91916,521.2708,-54.661274,518.23065,557.28595,-266.20224,516.6798,562.182,-178.72011,634.04114,551.6984,-520.23267,667.14905,520.9353,271.62857,671.4999,770.42554,-698.12823,716.6385,714.933,282.12897,685.30884,966.2988,-785.8723,700.3144,897.0536,36.59934,649.0608,982.13116,-921.64984,655.8979,906.01514,29.115404,644.3863,974.1784,-852.29254,652.457,914.8606,-75.77421,660.7816,967.09906,-769.525,669.3766,915.1194,-16.552767,1050.7175,595.9505,-259.17993,1043.7399,589.9984,259.0917,1347.186,753.4609,-263.7792,1306.1332,728.9007,284.0036,1652.3087,813.1406,-213.87822,1592.0447,793.26105,450.05087,1726.309,800.5247,-234.45699,1658.8674,791.34283,455.92892,1594.2041,940.97424,-522.2029,1551.6288,918.411,294.44617
image_003.jpg,1231.4755,481.23758,-397.53903,1239.5757,462.42,-370.22394,1239.3647,462.97586,-369.96118,1239.3969,463.90396,-369.9715,1233.5042,454.7228,-422.66266,1229.4138,449.19232,-422.7418,1225.1464,443.83994,-422.84818,1215.1097,452.5747,-207.4132,1196.4454,423.75848,-446.03757,1205.2748,489.76233,-329.43768,1198.266,478.8249,-398.68964,1115.3894,514.8804,19.439035,1056.4668,441.18494,-533.3582,1152.8309,651.828,161.33926,1013.29846,593.3191,-589.25995,1170.9756,760.95215,46.89596,991.3719,764.92804,-589.08716,1190.8656,769.03906,17.266663,990.241,790.2411,-676.3191,1190.7325,764.8282,-67.164764,1009.5482,790.2243,-659.8965,1175.7872,766.0232,5.8602037,1005.99146,783.77496,-584.06213,824.3567,579.1674,161.97476,792.2511,530.95575,-161.43626,692.11487,657.6127,583.22644,601.2115,598.01874,89.79327,572.4937,656.4756,1153.4103,424.01807,647.5361,455.0361,548.19855,650.21063,1205.122,387.92395,649.123,480.27866,555.0807,685.6967,1149.5785,414.54745,704.1734,315.4017
image_004.jpg,477.3837,176.54816,-680.73206,485.60858,149.32211,-685.4066,493.12555,146.4451,-685.51807,500.7138,143.47818,-685.6514,467.25504,154.52583,-662.5814,461.624,155.33513,-662.60974,455.90137,156.28918,-662.48694,526.1311,134.01022,-623.95654,464.7646,150.91246,-517.07043,503.37204,181.38126,-652.58356,481.1296,188.66853,-621.7175,633.8834,197.18993,-551.8371,470.65277,202.64978,-401.75574,678.8271,360.57227,-582.66656,477.1843,334.22083,-349.6543,674.1009,502.73654,-622.70123,451.53244,453.1375,-388.97086,688.8107,532.4634,-682.36084,430.18857,470.26434,-402.40576,665.24976,531.74817,-696.5001,434.78235,474.37817,-447.11832,654.1032,517.82446,-631.0157,452.2435,468.83063,-409.64328,658.4226,315.9416,-45.44167,585.6826,318.38394,45.677624,738.0971,352.09952,291.3962,635.04736,355.06613,430.44504,803.6112,341.77567,627.61304,691.3511,368.301,807.4256,812.20764,333.8569,662.0552,702.51416,364.06793,846.1851,819.94995,367.6276,595.54504,694.88354,398.8311,807.35724
image_005.jpg,1724.751,565.2023,-66.10612,1758.0664,539.4206,-54.650154,1758.0635,536.39166,-54.49855,1758.3109,533.7355,-54.940365,1754.7052,536.7297,-131.50105,1752.9651,529.7608,-131.89088,1751.1262,522.86993,-132.28635,1732.3491,497.23993,60.931046,1722.472,483.0508,-269.88818,1680.8871,557.05695,-7.700065,1678.0487,550.0118,-104.80017,1489.4698,480.53635,294.2322,1513.838,472.59045,-407.59174,1309.1484,610.45013,481.91592,1383.6625,733.2281,-450.3961,1334.616,754.0612,364.48486,1477.3397,951.8665,-457.4499,1366.0731,771.21,367.909,1517.708,995.4241,-564.5524,1389.769,800.2883,281.15918,1543.5679,974.2269,-538.0268,1374.6648,796.16016,322.59885,1521.372,956.91785,-449.85278,995.39386,539.6736,221.93896,980.2937,529.3486,-221.26297,616.3739,629.82526,247.35559,596.1649,648.9743,-119.82451,269.30634,677.2144,407.38742,214.14458,708.9882,37.306114,208.4799,648.3482,415.36926,150.13486,673.9007,38.406815,220.86826,811.08276,258.21854,167.51492,872.9792,-153.76814
image_006.png,273.99402,421.5121,-522.81445,270.85797,379.64612,-586.5055,276.79706,372.553,-586.41254,282.57474,365.17105,-586.36194,264.1224,388.54675,-505.89746,264.62363,389.2067,-506.1041,265.32083,390.28452,-506.46323,329.29877,331.8372,-690.98004,303.08127,366.0938,-332.7642,319.127,416.3348,-546.7563,312.03284,430.97318,-441.95963,562.6587,378.62387,-746.80695,452.12057,412.62097,-80.95074,728.92206,638.45074,-711.8214,539.22394,614.82355,78.247856,738.6846,910.0737,-701.4071,521.8985,832.3136,28.245424,737.79584,956.82275,-832.25024,490.43744,862.72766,-5.4675217,692.0704,951.29254,-803.231,482.26932,866.0051,-94.09542,696.6343,931.35,-700.28503,508.11542,855.2458,-16.417143,966.66956,510.56924,-220.07211,899.27356,531.0683,221.06113,1215.1307,636.7752,166.10233,1154.3373,644.30005,507.3071,1465.5166,707.4937,584.82367,1393.2277,702.3822,868.71,1521.7192,690.33887,612.3654,1447.3839,689.37445,903.4279,1458.3995,834.5717,424.10706,1385.7257,819.6401,792.61176
image_007.jpg,1023.7137,531.4932,-1342.8479,1046.2882,508.451,-1328.1431,1056.8439,510.84772,-1328.0906,1067.7427,513.5163,-1327.9181,1016.4229,498.5229,-1336.4475,1005.655,493.63913,-1336.4081,994.77155,489.04355,-1336.512,1078.8993,517.60657,-1100.9333,978.78186,479.0362,-1133.2264,1034.107,554.3313,-1243.78,998.87494,541.13257,-1251.6449,1096.3972,574.219,-763.515,891.32874,541.7646,-984.56036,1098.6227,717.9874,-591.1931,801.01013,695.9357,-1018.99817,1112.1924,872.92163,-651.9559,783.1412,872.1738,-1132.7976,1140.1536,904.6503,-727.8339,760.7983,909.0684,-1270.9506,1127.1799,904.6255,-803.43396,802.49426,918.64294,-1287.0105,1104.2289,898.34686,-688.66815,811.56683,905.44446,-1150.6821,920.51587,673.7429,84.43506,831.74725,653.61633,-84.11737,860.7339,721.35736,777.3866,767.9098,702.6604,537.07086,809.5498,716.95605,1564.843,724.6288,709.6741,1275.2003,796.75806,704.6647,1646.218,715.88495,700.7455,1349.3102,812.9034,779.44446,1560.5674,710.1471,767.9712,1228.813
image_008.jpg,1158.5063,395.41577,-1154.6045,1184.4823,355.39395,-1141.0876,1193.6879,355.49734,-1141.406,1203.468,356.04883,-1141.639,1152.9489,344.75333,-1175.077,1140.391,337.5611,-1175.4618,1127.7169,330.63416,-1175.8102,1199.2816,337.13803,-930.7577,1096.8861,298.05264,-1079.5612,1153.256,411.7918,-1058.6461,1119.0734,397.58267,-1100.6846,1195.2917,405.92203,-680.04785,904.02057,352.87335,-965.3417,1171.6002,620.4067,-467.8008,762.8684,612.4536,-992.53516,1210.8843,843.33997,-532.1095,712.14624,860.3807,-1053.0219,1259.2246,881.77313,-601.45953,679.67993,907.49854,-1181.4497,1242.5012,887.33215,-681.529,731.6802,911.2086,-1204.9103,1206.2999,877.5169,-569.2953,749.876,896.2396,-1075.14,919.55457,573.1907,106.18764,781.3199,545.17413,-105.66163,857.3092,641.3944,734.9998,705.87805,617.07855,541.07874,786.60785,653.5616,1384.2153,654.5792,650.64734,1194.9813,772.66125,640.53894,1450.5377,643.2353,636.62335,1257.2308,792.595,725.2142,1360.564,659.1709,738.7285,1133.1327
image_009.jpg,1266.5221,473.41663,-1288.0636,1288.8169,425.49008,-1275.1549,1305.4005,420.42133,-1275.5487,1322.6119,415.872,-1275.6732,1238.3597,430.85544,-1275.8914,1219.1749,431.63904,-1275.8994,1200.0499,432.48813,-1276.2767,1339.7361,415.56226,-1074.1414,1172.9346,429.19785,-1076.5765,1292.0103,501.34467,-1203.4736,1233.65,507.92114,-1199.7808,1402.0009,515.72766,-821.47687,1014.9731,481.87335,-920.45654,1495.4846,678.33435,-676.20197,785.2164,633.0655,-965.23566,1493.9562,916.2643,-806.1667,800.1361,889.291,-1079.4706,1543.615,957.95544,-869.3648,793.30707,960.1618,-1193.7194,1511.4906,973.3728,-931.9899,852.1245,938.1381,-1213.4952,1467.5468,969.9881,-835.79364,862.6033,921.6973,-1097.2554,1036.5695,708.45123,91.821724,880.7436,661.9046,-91.752686,895.82526,741.53265,800.805,781.35736,700.20294,610.7603,804.6883,742.27106,1493.2668,704.35565,715.4298,1252.0194,796.6813,721.0747,1561.4263,696.51447,697.2283,1314.9672,783.15894,802.5528,1463.7932,708.62134,803.71783,1196.5024
image_010.jpg,1302.8724,700.0084,-625.41205,1330.0859,672.0381,-621.7698,1332.8374,669.1771,-621.68036,1335.8696,667.0471,-621.92834,1317.4478,667.4154,-677.35736,1312.2289,659.979,-677.6828,1306.8099,652.54724,-677.6479,1316.803,620.64514,-499.02667,1279.4163,600.2403,-736.3664,1268.6338,683.45483,-559.07874,1258.5332,677.9083,-628.0733,1244.8276,568.34283,-291.27344,1015.215,537.8035,-709.3332,1271.8527,732.7503,-45.40908,763.0135,702.9402,-745.5871,1278.2057,921.70154,-90.53683,784.3139,932.4976,-756.24896,1318.3414,958.0552,-138.04239,791.42786,988.22266,-859.2345,1297.9626,974.0156,-221.95448,844.45544,969.21533,-866.752,1261.0972,959.66077,-132.05048,842.14374,949.8781,-766.069,728.03906,651.4193,172.53421,613.37067,625.10657,-171.83017,485.8862,713.90564,591.56274,362.1395,723.46136,256.65005,266.46417,724.07184,1114.9585,131.15625,767.6599,668.15424,219.6169,696.2701,1162.2455,85.685844,740.58655,700.3439,242.86055,838.72046,1089.3073,107.251015,905.11053,577.8607
image_011.jpg,1028.4331,486.51874,-1105.8412,1043.5859,463.60544,-1079.2634,1048.3429,463.30093,-1079.343,1053.3407,463.4621,-1079.4008,1025.7444,455.48355,-1123.8152,1018.4083,449.33508,-1124.0286,1010.9281,443.3812,-1124.2267,1045.0668,441.20007,-854.8913,989.90344,411.35263,-1055.5754,1016.2815,488.8385,-1007.7493,999.34814,478.64523,-1065.2703,1040.5199,453.61755,-607.79144,846.218,422.54874,-954.5794,1043.0715,599.79407,-370.4308,755.5729,588.6707,-1042.7871,1057.9192,740.33,-373.871,731.56506,749.64435,-1099.5521,1089.6117,764.2983,-428.19003,720.49005,779.15216,-1210.3011,1077.977,766.7922,-497.2914,752.93304,777.5172,-1216.0162,1051.4491,758.8846,-402.40067,759.2834,769.4639,-1113.2529,816.08234,521.4767,117.75053,723.17725,495.5292,-117.480545,740.5295,611.1721,696.06494,675.9219,564.14124,495.5396,665.41266,636.5577,1393.1842,623.7632,613.6379,1195.3517,651.0,628.4517,1463.8539,609.35443,608.7802,1260.0082,660.48315,698.01666,1360.4813,626.03937,683.4584,1121.275
image_012.jpg,1322.9203,460.9813,-377.40622,1368.0609,443.59995,-360.62332,1368.1892,447.8221,-360.43427,1368.625,452.42648,-361.21213,1364.193,420.77658,-428.03897,1362.421,404.88055,-428.3892,1360.2463,389.10648,-428.02603,1334.2603,407.51904,-194.23265,1323.2319,321.14758,-488.72614,1263.4313,452.47357,-299.2191,1262.2975,419.15762,-385.19016,1152.3064,392.62643,-54.895103,1006.83466,271.21426,-585.1036,1097.2362,649.4759,100.74717,874.3733,664.8156,-622.4743,1147.9038,926.47064,-49.942383,985.0728,981.79816,-635.31555,1194.3816,977.8156,-131.31328,1018.4087,1066.8344,-758.79376,1201.7329,990.2834,-215.52206,1074.1648,1027.8593,-769.2377,1163.1189,966.03925,-98.83462,1055.2505,1004.76605,-649.765,433.08615,584.82416,175.36574,326.20743,518.49854,-172.84906,207.47644,673.96173,602.2271,89.63029,666.95966,331.81787,1.5465212,656.3953,1111.1299,-104.749695,737.2725,818.6227,-51.931545,621.26245,1161.8732,-162.09816,706.2732,860.78375,-59.681282,777.30774,1073.3284,-139.70914,884.8866,726.6258
image_013.jpg,1029.917,410.65057,-1064.0646,1036.6104,381.93433,-1035.4735,1040.0831,381.20602,-1035.5865,1043.9196,381.07672,-1035.7781,1018.79425,376.55994,-1087.0614,1009.7283,371.639,-1087.198,1000.5979,366.89566,-1087.3612,1015.71545,362.90268,-806.18866,958.6362,340.46814,-1034.2117,1010.18933,418.83713,-963.5413,990.10065,409.11594,-1028.8245,957.24097,385.63257,-552.50134,779.0829,375.60626,-938.7839,923.8445,534.7272,-291.1521,631.88086,537.4023,-957.90515,965.15466,696.37537,-310.698,643.4996,747.91,-973.0105,995.17413,722.49457,-339.8699,633.3401,792.88586,-1065.5627,993.85913,736.5356,-412.17813,673.20435,793.0493,-1066.2432,966.1775,730.9045,-340.04877,676.3094,776.2729,-979.3289,708.18744,477.47284,134.77797,617.4004,471.87988,-133.75,660.6378,546.6856,807.396,561.7335,535.04236,512.03973,588.29333,564.72156,1506.1637,504.88678,572.5098,1191.1986,565.9951,550.07355,1577.9069,484.30582,560.8537,1256.4513,615.2767,636.8031,1509.2069,530.4065,649.58923,1139.5587
image_014.jpg,429.0911,323.26013,-1066.2722,426.99686,279.79056,-1107.4639,436.1029,273.8527,-1107.5117,445.16312,267.6798,-1107.7975,410.02332,284.70148,-1052.543,406.62408,283.24033,-1052.556,403.42963,282.3016,-1052.6019,492.41507,229.89992,-1122.5978,434.76984,250.92679,-883.68713,483.72662,316.28827,-1058.1848,464.72885,326.7403,-987.0652,769.1912,259.17172,-1085.084,530.0586,264.77145,-626.671,995.961,524.409,-1076.1641,594.5306,491.92242,-332.15622,1056.3248,836.48865,-1137.2242,575.03656,719.51373,-318.60114,1074.84,885.723,-1297.477,528.1671,738.2535,-377.10962,1015.8719,902.1636,-1274.3193,525.854,751.3066,-464.15997,1011.5503,877.3873,-1137.8987,567.8912,745.61304,-355.4595,1080.039,339.793,-150.67412,971.5139,346.12744,151.53474,1229.0864,416.4273,541.64825,1108.6034,439.8865,819.0426,1352.985,404.80106,1286.662,1285.5455,441.4821,1492.9492,1384.8013,379.22784,1358.2236,1320.2938,420.56732,1564.023,1335.1978,505.215,1266.7065,1299.983,534.0972,1520.5951
image_015.jpg,631.28827,512.92145,-1631.9672,642.5011,471.12216,-1659.1437,653.3884,465.58575,-1659.2267,664.1644,459.89148,-1659.0162,620.3068,478.73657,-1581.8071,615.34326,478.11316,-1581.6461,610.5328,478.1075,-1581.723,708.2451,424.7469,-1561.8995,635.3325,452.70874,-1202.9194,678.7873,510.07135,-1581.9006,655.5092,519.08,-1477.0859,943.90186,463.69308,-1457.6785,683.92535,495.89853,-803.0845,1053.4583,739.1354,-1590.79,687.78754,703.4171,-556.73157,1019.54425,982.8763,-1702.8295,650.1163,912.2675,-724.99695,991.55145,1021.7678,-1899.7482,588.7834,926.9165,-801.52954,946.955,999.6487,-1880.8104,592.1192,937.38855,-927.4052,950.73267,988.4158,-1708.9252,634.0156,936.8726,-781.9798,1169.9454,600.33936,-224.12506,1044.7676,624.66376,224.69543,1290.6946,732.18,534.08417,1183.4537,739.32306,1049.8431,1427.4432,757.617,1371.5194,1321.9126,770.84753,1948.987,1454.7578,741.277,1456.2103,1352.3812,755.71564,2039.4163,1442.1536,849.8095,1334.0735,1350.9686,853.08923,1942.9967
image_016.jpg,516.397,709.7382,-88.19136,493.7489,687.2517,-140.94473,495.1933,682.8012,-141.58195,496.65732,677.96185,-142.64488,490.72644,687.5412,-80.03523,489.88477,683.3431,-79.70041,489.33893,679.0562,-78.83206,517.71515,643.58246,-250.49811,505.74637,646.10046,29.551527,551.08,697.32324,-114.663895,546.96735,698.8919,-34.382755,684.9234,654.5939,-367.87418,701.2427,603.6648,262.99045,712.84033,886.9301,-460.11826,768.3657,775.2741,364.74432,712.16534,1112.3566,-361.76346,763.16644,928.5705,240.07193,663.9786,1154.591,-424.8842,714.24115,935.6155,242.04086,655.15375,1132.4692,-359.0029,707.4296,948.9052,177.2504,674.1088,1115.1948,-337.45972,727.9559,954.19025,205.68773,1106.5413,679.61536,-183.54353,1101.3595,657.78296,184.4286,1400.7239,750.6978,-5.253167,1401.2046,724.0317,285.93204,1690.8534,772.53357,193.14279,1674.1067,756.6251,450.8178,1747.0231,748.16626,203.29956,1729.6758,740.05634,462.3719,1702.7898,859.88654,81.83187,1692.6348,837.60144,361.8713
image_017.jpg,1243.917,317.8915,-985.90094,1271.6903,294.4814,-944.39325,1275.9294,299.75378,-944.40125,1280.6024,305.51782,-944.9339,1251.0973,271.16135,-990.2726,1241.297,258.38846,-990.77014,1231.2803,245.7682,-990.9982,1242.2657,288.44858,-713.1483,1178.9175,206.46768,-908.2664,1201.4456,336.08234,-890.41125,1179.2601,303.12146,-946.5523,1143.139,335.23007,-465.2119,867.10803,248.35918,-938.3062,1229.3995,580.804,-266.79553,694.3934,595.9457,-932.2691,1278.5768,831.7186,-344.6681,638.8171,896.1593,-933.72235,1331.4872,881.0072,-417.00616,613.1084,962.6633,-1066.4476,1314.0315,892.51465,-508.3085,670.7815,962.2468,-1099.0624,1267.351,876.5154,-390.8748,676.07336,939.2774,-956.3876,672.1445,519.8231,159.62936,531.9271,461.79587,-158.81226,515.88525,665.73816,726.96497,377.15445,610.0694,483.83694,366.22842,690.90967,1411.0944,259.38687,693.37616,1170.5186,330.9685,671.9124,1478.0406,222.95432,681.93475,1228.0974,344.8355,800.3275,1356.2003,261.01605,816.13184,1049.7233
image_018.jpg,1214.7302,343.45483,-1069.0626,1245.9468,306.6105,-1045.709,1252.1487,309.58804,-1045.6991,1258.8519,313.1717,-1046.064,1220.4083,287.32324,-1091.0944,1208.6838,275.13724,-1091.5731,1196.8197,263.0982,-1091.7738,1227.6908,288.68143,-841.90436,1146.977,219.44128,-1034.0354,1179.204,360.19177,-978.31665,1151.5133,333.22064,-1033.9001,1151.0653,350.57306,-581.348,858.3359,266.01358,-1027.852,1239.7136,614.9247,-416.22986,720.42267,629.0611,-1046.4132,1295.2771,859.6691,-506.31854,704.8216,926.5529,-1039.5447,1353.3281,907.62805,-583.24506,690.9962,990.6992,-1171.8068,1330.5006,910.301,-667.6944,745.8651,984.9805,-1192.7054,1282.6311,894.4057,-548.7669,748.15686,964.1445,-1056.9999,697.1948,516.6678,157.89856,553.3446,453.4589,-157.40384,511.48407,674.39746,668.97955,393.27814,616.1258,423.4766,350.38492,701.6879,1311.9921,257.70508,709.6754,1040.7354,312.80215,683.26135,1372.8392,214.93524,699.2338,1089.8052,326.66245,808.2934,1254.6937,266.34827,841.1653,919.216
image_020.jpg,659.5895,415.9283,-991.44073,659.7027,389.63406,-1019.22864,668.4667,384.02298,-1018.9425,677.14386,378.3521,-1019.07983,638.59314,397.44604,-971.1042,631.82294,398.2146,-970.8719,625.5334,399.31613,-971.00586,709.01227,349.63553,-1019.68243,637.49347,375.31042,-793.7451,701.0005,404.64844,-979.76184,678.88165,417.3926,-913.33997,892.7677,344.14627,-996.934,686.13586,349.4937,-575.1229,927.51624,633.01337,-1056.4681,659.3697,570.4367,-406.4164,899.28876,871.4606,-1136.9199,634.8615,787.17993,-540.62427,905.2809,935.3209,-1287.0721,591.3754,821.18024,-614.7828,855.47363,912.906,-1287.5723,604.9852,827.91376,-721.07465,853.25793,891.4076,-1148.4341,637.8038,815.98346,-590.3925,1157.1917,348.43912,-150.57042,1055.4357,356.04633,150.85052,1256.3597,404.63403,451.52515,1129.9182,414.05173,774.18427,1370.7864,428.4002,1099.4209,1251.5061,428.86728,1442.8793,1394.7856,415.42844,1163.2446,1274.835,418.3007,1509.773,1387.3176,504.78192,1119.0548,1277.4686,488.3168,1492.9285
image_021.jpg,940.2931,633.32855,-833.7147,951.5722,620.4909,-849.3669,959.11365,619.4979,-849.10614,966.65137,618.5231,-849.3292,934.87177,618.2692,-826.4138,930.056,615.6895,-826.2467,925.69025,613.08685,-826.1424,998.10986,599.1842,-838.8867,939.75757,590.57477,-724.4455,972.2384,626.1412,-818.43787,955.4287,625.3116,-785.2524,1138.3024,582.25244,-722.76416,945.51025,508.86685,-505.8839,1248.0704,713.48,-659.2492,919.20306,610.45636,-225.26486,1249.555,866.0894,-719.72595,885.66394,743.48663,-212.03015,1265.0638,897.7651,-803.00665,857.6346,764.8418,-235.6682,1230.3901,896.42944,-832.253,867.9185,771.887,-293.61502,1222.7878,881.20166,-734.668,893.2334,768.84485,-230.06151,1235.0078,496.34134,-92.02193,1153.99,454.36282,91.93728,1247.9316,527.9058,466.5504,1138.2031,473.41223,668.254,1256.8823,481.6866,1122.6752,1181.3712,447.73172,1319.9952,1259.9867,460.54974,1195.8077,1191.1172,434.73593,1393.0266,1237.5293,528.10065,1242.7241,1167.5236,475.83832,1430.2933
image_022.jpg,857.1429,157.39772,-1474.9685,881.7549,101.199005,-1465.4346,899.48724,99.14266,-1465.6935,917.7357,96.97706,-1465.6304,827.377,99.5656,-1467.1945,808.0936,96.76673,-1467.2588,788.8631,94.16912,-1467.2325,937.53204,85.90505,-1218.3323,756.3762,81.443436,-1219.7455,884.9493,183.73401,-1367.9603,822.07794,181.18373,-1367.7203,1050.0758,243.60693,-975.03436,608.9528,224.20119,-983.48267,1130.4012,539.96875,-978.08374,528.83307,550.6683,-1021.3908,1211.3146,815.4822,-1090.3756,451.98172,837.7954,-1089.1697,1264.2063,865.4511,-1169.3021,404.53824,887.5905,-1142.3989,1223.3187,864.93726,-1233.9365,437.37628,894.76385,-1206.8823,1184.4965,850.48425,-1121.7424,477.02512,878.97595,-1117.1531,876.4545,539.15576,13.540185,681.563,524.24036,-13.370083,836.7784,662.2597,796.1313,664.49274,660.5425,693.7523,801.46967,699.6067,1572.3203,657.81006,695.1394,1508.7673,788.91425,690.52747,1648.8256,657.1436,683.1492,1590.2441,802.5265,784.2828,1469.2747,657.3679,786.4859,1405.4113
image_023.jpg,719.1642,372.8578,-616.70337,707.20184,350.40387,-666.0623,711.2619,345.7495,-666.1281,715.30273,340.97382,-666.2209,700.86865,351.05453,-605.4226,700.433,349.13193,-605.34106,700.194,347.45935,-605.7315,748.09717,305.98785,-769.6491,726.0211,314.4861,-489.61963,758.631,358.19244,-640.70306,753.4729,364.70715,-557.75507,976.06757,282.0121,-742.5604,823.2352,251.34183,-269.8661,1160.2401,399.98755,-655.70966,912.8901,360.65314,120.2986,1098.0543,566.9594,-596.8345,877.7498,511.9857,215.92699,1088.0381,605.75073,-696.3562,845.58295,532.0831,202.49815,1039.2051,596.7681,-685.43097,839.81177,544.4747,128.5628,1037.748,579.0003,-597.7111,865.60486,536.6373,187.8516,1242.7611,294.90973,-181.26877,1165.5254,278.2228,181.83176,1413.1843,353.79465,314.58377,1342.7206,337.1126,667.4704,1559.4688,367.5021,865.8209,1480.8813,349.8232,1190.4814,1591.5543,347.09546,916.23785,1514.35,329.4241,1248.5018,1547.4532,473.15936,848.076,1474.5702,443.43137,1235.9061
image_024.jpg,1310.237,363.38275,-76.57377,1337.1808,347.24997,-75.6428,1336.2964,342.51514,-75.396736,1335.6519,337.94748,-75.26499,1337.521,350.20148,-136.7479,1338.0863,346.6582,-136.93866,1338.5369,343.2122,-137.6786,1322.9596,307.50763,11.763668,1325.771,312.03696,-260.7782,1280.837,350.64044,-29.927673,1283.2269,351.51062,-108.32673,1161.4475,290.89893,231.82892,1192.919,313.14218,-412.86548,1180.2764,527.0877,295.43924,1212.8978,574.3553,-481.0312,1230.6719,709.8963,191.60225,1268.6473,802.85144,-430.914,1275.4279,718.2272,193.25766,1308.1832,829.5783,-508.17563,1279.6538,727.9388,114.11372,1318.1888,819.54913,-463.88568,1262.7083,731.9415,155.15204,1298.3088,811.8748,-411.56677,760.17975,438.28833,204.27733,750.0921,441.80902,-203.89177,560.1413,616.5815,342.9848,470.73273,579.3436,-106.38282,314.10025,629.8161,643.8417,176.40726,660.13477,20.876026,262.77908,608.5433,665.651,114.29347,649.3851,13.769391,289.7462,727.5124,600.1578,174.79594,781.89545,-160.04874
image_025.jpg,1238.4329,376.47705,169.71944,1255.3464,360.39285,187.27908,1256.2898,355.7929,187.55814,1257.3273,351.16956,187.26527,1252.1654,365.94968,129.5645,1251.3755,364.471,129.69263,1250.473,363.0375,129.68842,1248.9366,331.38315,229.51518,1241.447,347.95395,-26.369164,1222.2057,370.57788,197.09763,1219.1631,374.89832,122.77198,1124.5839,294.9839,376.27225,1177.9481,374.33878,-209.05518,1056.0756,423.30148,565.4643,1122.7239,527.2444,-260.09628,1062.1229,520.6305,571.3392,1134.6066,654.1798,-161.49588,1077.5122,523.7993,594.974,1156.073,674.5148,-189.95743,1088.3868,537.2492,537.95105,1164.9062,668.1669,-151.62302,1083.1111,543.49445,551.4454,1150.7986,661.3965,-138.5728,872.093,396.2164,178.18413,896.90015,439.8412,-177.59984,690.79694,472.12216,310.9098,689.6892,517.81854,-82.54834,489.90387,511.7248,453.73926,474.71207,554.14886,-13.328498,448.65567,503.0089,465.07846,433.5393,539.82495,-10.913451,488.0161,572.6347,429.07208,465.23096,626.44507,-83.3234
image_026.jpg,1222.3508,485.20166,-1086.5219,1245.9446,455.8728,-1080.6686,1253.3517,453.67526,-1080.7186,1261.2554,452.07248,-1080.9952,1220.9432,451.19543,-1119.7806,1211.3058,446.3721,-1119.8649,1201.5852,441.6319,-1119.8151,1257.5483,427.8278,-904.8172,1177.6879,404.61893,-1081.7313,1210.6709,488.6614,-1004.79224,1186.7435,483.38596,-1054.2444,1252.9926,422.19635,-671.6364,984.83154,410.78854,-971.3468,1233.5187,629.39856,-501.79327,871.0584,663.36664,-1024.6134,1174.0399,860.7783,-628.9455,965.3434,883.99524,-1081.6365,1200.0997,906.1626,-716.041,984.23083,933.57275,-1213.4946,1172.2446,897.4612,-784.913,1035.4261,904.0929,-1212.7632,1141.487,885.881,-662.4076,1029.0383,888.5646,-1095.9857,932.7645,534.1441,144.46738,806.39105,526.6022,-143.51851,847.90063,584.39856,820.695,711.43195,608.57806,454.2211,750.0925,576.5367,1457.362,586.38385,545.50635,1056.2655,725.01044,552.1803,1523.7762,566.50085,512.9486,1120.4851,763.9925,671.9339,1491.9563,565.0389,627.0601,1074.7606
image_027.jpg,510.38647,436.17072,-852.0714,512.7019,408.96634,-893.43024,518.9297,405.63037,-893.4271,525.0819,402.14066,-893.1907,500.21396,411.39575,-842.1563,497.5362,409.7224,-842.1853,494.94928,408.55646,-842.4306,554.43677,373.47543,-907.4585,511.2618,386.98398,-667.0021,542.1123,433.90683,-840.5916,530.3455,437.50226,-769.8037,712.089,387.1479,-858.42633,552.4958,402.11475,-418.8116,780.3712,587.3191,-901.03015,562.05347,545.58984,-198.73755,744.2492,738.1409,-942.1593,532.60913,682.24347,-260.48236,731.9007,765.08044,-1055.5934,497.0452,694.0661,-294.6185,697.90717,747.3287,-1051.7583,498.42847,700.0498,-361.3378,700.6353,741.51154,-948.5155,525.28876,697.98676,-288.99847,929.5426,493.00992,-166.42506,852.607,503.70892,167.00452,1042.1024,545.03754,388.98297,986.9635,537.888,687.04456,1175.1708,561.7293,873.53204,1090.4503,545.4757,1247.4034,1204.8632,548.56274,913.6818,1114.7574,536.67365,1306.5331,1160.8114,636.1629,761.28687,1080.8069,604.897,1238.4305
image_028.jpg,334.34384,463.19687,-93.185974,330.444,433.14844,-147.29527,334.10965,430.76846,-147.15567,337.5773,428.01233,-147.2619,328.54718,431.70032,-86.10608,330.8055,427.4749,-86.19254,333.3147,423.49487,-85.83345,375.95633,407.5009,-240.2303,366.4991,404.18198,37.11298,368.4851,469.07693,-114.82537,366.55533,467.9632,-34.92135,526.002,476.85495,-342.17456,572.68463,434.26456,281.811,539.9068,727.75183,-379.99335,616.2064,659.23553,319.2009,543.3946,982.0752,-415.78952,590.1036,865.1269,224.75546,498.17694,1004.5095,-516.81146,530.7467,862.30206,250.52045,490.67947,993.2966,-437.12143,529.8964,878.958,160.27069,508.29358,986.27014,-394.8942,553.45233,885.23645,187.79813,992.1219,520.7995,-204.23769,991.5677,507.1137,204.59326,1315.2279,708.1273,-144.35477,1300.2628,676.1737,173.16992,1636.3479,825.62213,-80.27286,1628.3411,777.7655,236.80125,1708.6737,813.806,-85.48052,1705.0134,769.47205,240.0749,1584.5127,934.4268,-248.5932,1589.6814,914.99884,133.76457
image_029.jpg,364.17896,487.27798,-817.6029,364.2676,442.07303,-874.2766,372.1003,434.86368,-874.1915,379.76013,427.48294,-874.22534,352.53986,450.97607,-795.122,351.39203,451.04968,-795.243,350.57324,451.55154,-795.8191,423.93546,380.53537,-951.3601,381.5256,415.80673,-589.78735,411.48227,475.39648,-830.8984,399.71344,488.10632,-724.8758,700.8713,360.21982,-933.0279,469.42136,438.20065,-376.2531,940.2758,612.6471,-919.9961,507.12952,614.2158,-139.5781,905.1023,901.3101,-962.4851,431.9236,794.0643,-238.73576,908.5287,963.6674,-1109.4803,384.37796,818.5419,-297.7043,838.77875,957.6751,-1101.3251,378.0307,824.77783,-391.1634,832.3772,934.0144,-971.9426,414.47522,811.52155,-284.48953,1078.6304,462.68307,-211.08832,967.5378,507.36667,211.72324,1293.0272,534.0493,325.9688,1190.0698,573.96423,650.851,1483.309,526.0628,900.38947,1384.7566,568.6347,1199.055,1529.2765,494.27173,947.53076,1433.2355,537.9736,1256.7665,1480.9792,651.0112,805.57465,1387.3633,696.53156,1181.995
image_030.jpg,1499.6487,490.17404,-247.97452,1516.3677,467.9359,-221.05783,1516.398,463.4638,-220.82709,1516.5265,459.28763,-221.03506,1509.7719,469.53424,-286.59232,1506.2412,465.437,-286.6498,1502.5472,461.34552,-286.78845,1485.0647,427.5242,-96.80573,1469.3726,430.40222,-382.20508,1459.328,480.3052,-189.86443,1454.7521,480.6376,-273.10965,1312.9521,374.40405,118.58062,1264.6399,436.9892,-473.20584,1238.2745,552.92395,315.7299,1134.2191,634.19196,-426.39594,1234.8116,739.85657,123.4457,1148.7614,875.07886,-319.56882,1284.2269,746.8538,66.990486,1190.5247,919.3649,-410.78436,1289.549,769.6135,-41.067017,1222.9106,902.52435,-365.0217,1259.8123,777.72345,73.31283,1198.1328,882.3466,-301.3866,870.1417,427.8807,180.53763,834.2934,460.23035,-180.62917,614.11615,502.35617,523.88354,568.6387,550.23883,204.84659,368.16498,531.52997,857.7384,322.8972,592.34033,518.65186,315.00476,509.40204,892.5429,270.33017,569.62994,548.16943,350.8117,629.02057,854.45526,319.95935,696.6725,471.6996
image_031.jpg,1530.4673,592.3627,-769.4259,1549.947,550.0283,-757.4605,1549.1743,545.22406,-757.28406,1548.4739,541.2234,-757.43604,1540.268,550.6641,-826.6889,1533.3193,544.3333,-826.8878,1526.1564,538.2702,-827.3796,1502.8492,492.29053,-579.7751,1473.955,490.0722,-881.47675,1478.6995,583.05835,-681.87067,1471.4283,580.43225,-768.476,1345.2452,418.21124,-295.2484,1184.5334,495.77692,-844.46045,1269.3615,519.5007,139.27147,940.1823,615.8554,-760.666,1335.5105,704.131,302.207,993.3007,879.4864,-711.1477,1398.904,709.0446,319.67236,1021.35114,928.97736,-808.50635,1394.1604,736.934,228.3941,1070.7499,902.96295,-789.14014,1352.4447,742.00165,268.43768,1061.5896,881.4857,-707.99054,913.7897,456.67422,197.73625,817.40314,492.4654,-197.38089,740.0631,513.78046,731.955,568.61523,541.8783,328.9086,577.6159,484.56354,1360.3373,356.5448,540.01074,836.5421,523.9007,451.5909,1430.3058,299.6703,520.1479,882.6722,606.4718,626.4961,1493.0934,380.46,656.6039,835.3015
image_032.jpg,658.87146,197.77357,-750.72614,671.16754,141.39705,-800.5446,683.45264,134.11707,-800.8645,695.75214,126.55773,-801.1975,651.21826,151.31467,-724.2903,647.65967,153.01022,-724.4422,643.9929,155.37776,-724.55304,764.0191,100.430504,-862.69977,691.35864,138.36789,-524.2243,720.63196,206.56436,-764.36896,694.9917,223.24933,-666.1523,1072.6549,194.21599,-841.8711,807.2013,264.1775,-361.31784,1323.5499,472.52866,-869.1406,871.9127,507.4001,-162.45218,1249.206,806.9768,-864.90967,789.01984,744.7568,-180.34944,1247.9923,889.4187,-968.8819,742.5353,786.7111,-191.5023,1188.57,869.35944,-972.33405,725.52094,790.1256,-272.5824,1184.8599,836.6768,-875.4609,766.70166,778.0386,-218.93677,1398.3179,473.28217,-159.54709,1256.1464,505.6637,160.61522,1559.2202,610.70544,389.03912,1413.7689,611.2618,715.7495,1692.604,672.628,1000.2473,1552.2399,645.1229,1306.005,1730.5636,663.53577,1051.6403,1590.4072,636.6979,1367.9585,1673.2893,790.9642,901.91974,1545.4193,737.7579,1294.9005
image_033.jpg,1045.8346,228.41516,-1389.7897,1090.0836,152.4809,-1391.2842,1115.6257,151.91899,-1391.2463,1141.8098,151.45442,-1391.1383,1021.7495,145.3687,-1382.0472,996.02356,138.8507,-1382.1876,970.4426,132.80922,-1382.0751,1175.1124,146.97107,-1172.4095,938.2068,117.13669,-1121.8425,1090.2362,266.22208,-1291.4691,1000.80676,253.85674,-1275.7657,1312.5273,312.7164,-894.00995,764.24945,237.95181,-913.34357,1389.1613,567.8632,-830.99963,551.41797,511.31204,-1028.6086,1428.0413,858.50635,-964.10144,528.5929,822.5794,-1162.7084,1485.418,924.37585,-1004.8248,500.70758,896.3167,-1244.1241,1444.1914,934.3171,-1062.4415,557.79407,906.3783,-1249.2628,1397.0208,909.56903,-995.91876,595.1249,879.2816,-1173.7057,1041.7903,617.90967,22.977322,810.1479,579.2962,-22.499924,1020.10803,736.67126,720.95526,787.45874,699.2748,622.47144,994.3638,724.5211,1413.52,840.25214,710.1246,1311.9703,988.82556,686.66345,1490.3297,866.9878,681.5926,1387.0502,964.2697,861.1402,1446.249,790.66705,846.0442,1316.6172
image_034.jpg,786.5039,35.144203,-1235.4615,791.3043,-19.89708,-1224.7262,807.6318,-25.325161,-1225.2562,824.123,-31.031519,-1226.0428,745.9076,-8.123588,-1220.0818,728.86285,-4.492362,-1220.2057,711.64386,-0.30355528,-1220.0828,853.4303,-30.982695,-1024.3313,702.74255,10.284228,-1018.285,832.8985,60.251446,-1151.0826,775.2508,78.469154,-1150.2075,1084.8347,125.815704,-951.36664,701.3558,162.38596,-797.7571,1249.625,465.89822,-1010.5369,645.1095,451.57166,-787.19855,1259.9646,786.2031,-1108.0717,560.9946,751.3271,-836.9781,1302.1787,859.6992,-1220.8274,503.9282,812.26294,-853.80566,1246.7358,864.432,-1253.3907,507.2445,823.59393,-945.95856,1219.1409,832.82,-1135.0469,551.707,809.952,-883.5289,1224.2938,445.44748,-70.03288,1058.8229,458.6231,71.02546,1284.5781,537.4066,586.2037,1113.1965,562.3979,752.65674,1302.4436,624.90393,1254.8263,1170.9539,617.2504,1414.3966,1314.5645,633.0574,1310.2053,1195.6868,627.20306,1479.8394,1268.6946,707.8912,1150.7471,1110.4175,696.49274,1356.9197
image_035.jpg,1394.2167,211.13893,-1019.52814,1400.9833,168.77858,-984.0697,1405.0988,169.60692,-984.23553,1409.854,170.95958,-984.603,1376.4984,160.40121,-1037.9832,1362.8445,154.20459,-1038.3641,1349.1056,148.24155,-1038.6576,1364.9979,164.70131,-760.3748,1283.5178,132.59708,-994.6591,1361.6586,242.6469,-925.3087,1332.7185,228.42969,-991.7264,1275.2539,300.1995,-521.7294,997.9294,246.20407,-963.30444,1242.5918,528.80273,-227.60588,823.42676,531.3296,-970.585,1324.0103,737.2999,-270.51254,871.7419,795.22363,-982.7477,1373.3279,762.44293,-306.71338,871.6745,857.73663,-1094.4293,1377.6865,779.0984,-390.64536,921.6504,838.4051,-1111.7937,1337.6887,775.3724,-308.62704,925.49207,818.5267,-1000.77905,897.54486,526.2587,163.76918,751.40265,490.09354,-163.01794,793.4777,646.8829,745.619,644.49304,606.88654,459.18274,671.3626,665.9848,1346.8245,563.8683,658.7755,1101.3582,630.9226,647.47205,1406.6543,534.2371,647.5123,1158.418,698.32196,780.96906,1318.3463,595.0103,769.61383,1022.3498
image_036.jpg,694.0863,461.02432,-17.606926,694.055,447.25092,-50.196236,695.00244,446.23978,-50.239494,695.8863,444.96017,-50.31155,695.9555,446.9747,1.0933614,697.64325,446.18384,0.9922886,699.4057,445.39413,0.8415811,710.26324,441.72827,-143.79617,713.65533,441.79007,90.29702,705.46985,468.3805,-46.34451,706.3347,468.92935,21.40346,752.37665,487.75198,-283.743,780.3984,471.8655,259.11642,796.33514,579.90027,-324.68384,818.0307,557.1249,325.11746,781.0888,657.7021,-321.5723,809.91907,633.14746,179.01913,775.5502,675.3054,-371.866,807.3831,646.99207,171.95456,768.41376,669.5684,-348.73294,801.80383,644.7243,123.77586,773.41705,661.05743,-313.19193,802.26996,640.9592,153.22386,918.34204,549.1546,-169.4484,930.8295,531.2216,169.97818,1054.239,587.55695,-130.24179,1063.194,572.3755,176.27507,1189.985,620.1617,-45.414017,1194.7577,610.8922,243.7233,1214.1752,611.0411,-43.52152,1218.988,608.5153,244.87009,1202.6172,675.83954,-161.86662,1202.3923,658.7546,159.79973
image_037.jpg,674.861,352.7211,-487.7685,664.3567,323.08066,-533.72675,668.54364,317.78754,-533.7354,672.77325,312.16495,-533.9344,657.5838,326.75357,-470.5131,656.4235,325.5245,-470.38858,655.4239,324.7184,-470.56143,705.8146,283.73358,-627.4873,681.73364,299.23608,-338.86832,715.2631,346.63943,-513.2463,706.9988,354.4721,-429.6357,916.90656,307.5742,-703.7569,802.08636,344.5713,-157.47246,1033.755,526.30176,-728.7196,818.2887,538.00366,-43.847427,1046.906,740.4275,-708.24945,813.5752,729.95447,-125.005875,1042.6156,781.1487,-806.1078,788.38153,759.558,-152.79507,1014.3266,767.58606,-799.63025,786.5315,758.6848,-228.21176,1014.77155,753.0248,-711.8448,805.6754,750.55096,-164.2349,1228.1727,464.5071,-172.96307,1156.9854,479.01163,173.5524,1429.6838,594.1209,203.56702,1257.9734,545.1979,655.2689,1607.7808,666.3013,600.127,1395.2662,577.13165,1146.2223,1641.5718,656.36163,635.0423,1423.6779,571.34863,1193.4415,1628.4291,766.773,498.95535,1411.461,636.9703,1143.9818
image_038.jpg,573.8048,291.71014,-890.4541,579.5599,233.61809,-923.67706,592.4903,224.61432,-924.06836,605.54156,215.3363,-924.86444,554.4774,247.52547,-855.5775,548.5854,249.66187,-855.59235,542.5875,252.42903,-855.47687,674.68585,181.4283,-941.4176,588.4452,229.6595,-646.74023,645.7651,291.71234,-889.46594,614.24457,313.84448,-804.53937,1020.92896,261.17398,-968.1073,718.0512,322.0165,-476.40833,1235.3982,608.94073,-1004.65796,746.0317,595.7189,-314.42612,1196.919,960.996,-1035.4941,651.7021,859.4677,-390.6606,1220.0986,1053.8093,-1167.6979,600.4352,912.7915,-416.2225,1152.5126,1041.6877,-1196.6584,586.8323,916.1904,-505.25113,1138.3063,1003.58453,-1056.7765,627.2389,903.7211,-434.9038,1330.4308,522.8508,-153.64433,1159.5474,540.72296,154.80354,1469.0804,665.8332,400.98306,1192.5159,632.53827,791.79803,1583.5321,739.10114,978.99194,1322.6224,675.855,1476.3873,1620.6803,730.84064,1027.531,1362.2631,672.51154,1542.6128,1548.4471,860.063,879.8601,1288.7181,768.5898,1524.8408
image_039.jpg,716.4585,477.21326,-345.22833,709.75116,456.8902,-393.97458,711.6602,453.97983,-393.8046,713.5678,450.90497,-393.84714,708.15186,457.77032,-329.1156,708.8823,455.70355,-328.97443,709.8264,453.76465,-329.17868,734.30804,430.0026,-495.48926,728.13477,436.23935,-197.69556,742.29047,474.52673,-373.40582,740.5212,476.09933,-286.0097,849.9407,428.32953,-562.5947,805.86395,455.53354,37.09657,943.90906,513.18744,-638.26,832.74866,542.3805,288.99545,929.5678,622.17346,-714.89716,800.06866,615.14404,225.98955,922.88586,645.94806,-819.5698,781.5523,629.0868,199.32227,903.59174,640.9551,-808.624,776.6102,624.91425,133.39598,908.94086,632.5858,-717.9301,787.33234,619.7277,192.37613,1050.494,490.0572,-196.81921,1024.0785,495.95233,197.4004,1187.1045,538.8568,180.49947,1171.3761,529.7088,513.07794,1333.7125,567.6141,609.3715,1301.1179,554.71216,924.7286,1366.3638,556.51825,642.7816,1330.0468,547.93243,966.14453,1338.7487,651.1115,518.4606,1305.279,623.7642,901.43964
image_040.jpg,635.7725,417.63626,-164.79239,617.9839,398.20648,-219.89711,618.1495,394.75018,-219.84041,618.2918,390.9896,-219.88693,620.1064,397.37335,-150.2763,621.78906,393.929,-150.35825,623.628,390.6901,-150.3996,636.6975,362.4515,-343.32315,641.4671,363.75174,-24.664454,662.0574,409.26968,-200.5399,664.78644,409.61478,-108.129524,768.4062,363.40414,-484.1566,782.8835,379.44077,213.57787,830.20245,533.8151,-596.30817,847.62274,523.9489,274.23914,792.4527,692.68506,-592.50885,813.69366,651.0939,94.12505,763.38367,709.7539,-680.531,781.39703,655.13666,90.44612,748.7654,700.77246,-632.6608,768.62067,662.13965,18.922966,762.5698,694.21246,-577.4174,781.2944,662.5104,56.197815,1057.9524,471.24753,-221.18378,1046.3623,475.24713,221.3715,1283.8857,579.456,-118.30187,1256.9998,560.5113,315.37363,1513.4624,636.885,5.0556207,1467.7568,614.6571,487.40845,1563.7767,627.50305,4.2204323,1515.7288,612.1958,500.27377,1494.3143,729.7727,-183.89207,1447.5726,701.37463,389.2425
image_041.jpg,743.84796,256.26804,-799.3386,747.297,208.60399,-841.9448,756.053,201.70486,-842.29486,764.8394,194.56554,-842.5711,733.03687,218.88339,-778.84985,730.8476,220.22449,-778.9371,728.49445,222.12708,-778.96405,820.42444,167.42662,-877.7028,769.7756,203.18245,-595.291,798.06885,258.94058,-800.6685,781.6835,274.9894,-718.4632,1097.9795,262.99973,-885.7685,884.67615,287.38925,-380.49258,1250.5938,597.39294,-897.2785,907.2272,547.5559,-213.15085,1245.1831,904.51074,-912.66486,825.45734,803.7844,-248.6077,1265.2172,968.87805,-1043.1306,783.61755,857.15594,-281.88953,1211.8802,963.00696,-1055.8816,775.2714,850.5895,-358.19083,1205.6547,935.3398,-929.51807,808.74,838.17664,-287.06924,1401.4052,527.2395,-176.8747,1271.0208,535.0191,177.71364,1562.2941,741.43256,276.20984,1433.8066,693.302,600.6208,1711.8735,849.79,758.29675,1600.4037,783.2989,1103.8391,1761.3885,844.5736,791.28674,1648.0592,782.0826,1150.5532,1655.4954,970.43933,597.6806,1561.6289,889.7142,1064.0845
image_043.jpg,1288.3479,234.30629,-809.2967,1308.8391,193.88211,-771.7484,1310.9058,196.0053,-771.9354,1313.365,198.74168,-772.4064,1291.2272,177.9621,-833.39685,1280.8469,167.09903,-833.84753,1270.3202,156.37103,-834.13385,1263.666,174.36414,-574.50757,1206.8818,116.057045,-835.48346,1238.2505,252.43246,-725.5257,1218.6115,228.59985,-800.8885,1127.2722,262.3285,-342.3595,889.46423,167.93391,-890.26294,1084.4584,503.54028,-99.19969,682.3769,471.19437,-901.43835,1090.5704,766.85675,-234.0276,687.87427,811.23346,-883.6234,1130.8293,812.3392,-306.3343,687.6556,880.3099,-1010.439,1128.6074,820.16754,-392.1202,743.06726,879.63995,-1020.1533,1087.7053,803.89026,-277.32745,739.0469,856.9583,-899.85754,657.9331,429.0104,195.97176,532.71454,371.68375,-194.5744,497.242,516.21136,752.55493,387.22687,492.99094,396.70593,368.2113,505.02374,1322.5391,253.33173,552.3525,950.8379,334.9084,479.5092,1381.5653,215.19289,529.0543,1000.05914,366.4261,606.9043,1323.5199,267.83316,685.7838,885.37195
image_044.jpg,1105.4932,632.63776,-1171.8267,1105.4811,612.4169,-1146.9194,1106.8456,611.5689,-1147.1274,1108.3861,611.316,-1146.9061,1095.9849,609.5011,-1200.394,1090.9657,605.8276,-1200.5568,1085.7555,602.40967,-1200.6935,1088.6256,593.9155,-866.6022,1059.9434,582.8033,-1112.3044,1092.3247,635.57745,-1050.8005,1083.7794,631.7347,-1120.4154,1070.7645,589.2621,-485.0926,956.6676,609.5416,-989.52625,1091.2109,672.07336,-77.591156,882.30817,713.74084,-1019.0675,1081.8826,760.4886,-6.73409,903.7969,812.42255,-1102.1609,1090.4497,772.25946,0.3281722,900.23236,835.0845,-1189.2916,1077.6731,779.3996,-64.586945,922.7725,824.13025,-1204.7551,1066.0076,777.1648,-27.692102,925.85785,817.38336,-1111.9552,896.3033,638.58594,166.5811,840.18164,640.824,-165.63538,821.91595,682.1169,773.9339,750.53906,664.9523,368.60052,736.1229,665.0545,1521.2684,668.7188,675.4083,1025.2012,716.5627,645.23444,1601.2488,648.73,669.9297,1090.1146,741.2676,729.9926,1551.9929,666.56775,720.7602,980.1056
image_045.jpg,1070.1046,392.30145,-1241.8306,1081.7343,364.01984,-1233.2759,1089.7113,362.67047,-1233.3823,1097.832,362.02426,-1233.507,1055.4915,360.23135,-1263.799,1044.8116,356.35193,-1263.9143,1033.9983,352.6891,-1264.023,1093.4187,347.23642,-1027.7521,1011.2422,332.89798,-1158.8427,1070.2058,403.0468,-1144.6304,1042.0459,399.39774,-1181.9624,1111.2899,371.09283,-718.0069,891.93567,359.68927,-982.16064,1133.2496,511.56732,-407.8607,786.03455,527.34937,-964.43805,1134.8535,647.80884,-381.82736,764.1539,696.31055,-1015.4548,1161.3533,674.5254,-413.0744,745.31744,734.3761,-1120.9263,1140.8568,684.30347,-474.2587,783.2041,730.6582,-1139.1893,1114.9335,676.41473,-405.2435,793.02686,717.21545,-1033.7042,880.8712,407.17,92.45447,783.9747,391.52325,-92.531136,814.1525,512.74207,645.74036,723.3315,484.15903,513.92224,737.48236,557.1389,1394.7589,673.55084,547.6605,1244.8336,723.8502,547.3114,1476.6558,663.508,546.8163,1321.0011,725.9336,627.8875,1411.8534,662.26886,618.4758,1221.6509
image_046.jpg,543.3864,489.21954,-998.8456,539.95953,430.31378,-1034.3738,551.3288,416.6668,-1034.4625,562.6873,402.8848,-1034.776,515.2742,454.71484,-964.10693,508.0965,460.1907,-964.05743,500.9679,466.23514,-964.3056,612.60834,348.92245,-1005.5529,527.6543,431.27597,-691.9548,603.57996,468.3488,-972.74866,574.4986,500.95117,-880.8825,908.7111,362.07068,-894.0966,621.9899,460.32358,-486.58234,1159.2029,561.7936,-877.7097,692.51483,639.159,-189.47269,1173.6033,837.0894,-920.5445,660.7932,837.51697,-234.89307,1195.7007,899.10754,-1039.1941,628.98364,872.4547,-268.75922,1144.4255,904.0997,-1046.6168,627.0386,880.19464,-343.25427,1128.9463,880.47296,-928.69904,661.57465,863.7732,-270.5164,1161.2273,591.1032,-149.07515,1017.8037,630.3804,150.03036,1279.8046,699.07983,457.05783,1116.0087,710.3333,779.15216,1376.3344,725.35144,1072.5574,1236.6978,730.45715,1422.2834,1404.5819,707.2269,1129.9128,1269.422,715.29456,1489.4231,1375.0822,839.4589,1014.8123,1243.419,822.9865,1449.2983
image_047.jpg,1087.7843,357.92026,-796.35144,1113.6376,327.2689,-778.57355,1118.417,329.07812,-778.45166,1123.4979,331.4494,-778.8312,1094.0043,313.34415,-822.4597,1084.9508,303.7669,-822.85504,1075.8132,294.38373,-822.93933,1100.0934,305.95813,-611.76636,1039.6058,257.84393,-798.488,1060.8075,367.54654,-717.9806,1039.8412,348.53806,-772.3035,1031.8011,324.92438,-364.64352,797.44464,286.79236,-772.6029,1000.42426,501.1714,-94.45994,592.3609,515.8934,-766.2566,993.90405,694.3716,-92.376236,581.7871,749.06384,-740.8786,1025.5883,735.6329,-119.6424,571.2463,799.7616,-838.19366,1010.9249,750.3832,-191.53433,619.9705,791.89825,-848.96716,975.79877,735.7012,-125.33587,623.5183,773.0729,-753.5895,633.02545,434.72354,139.04659,522.2014,404.03403,-138.51215,476.55252,550.1794,549.8167,401.90472,512.5011,333.8169,334.62558,590.2506,1019.72095,282.54892,588.254,838.165,302.8705,572.9393,1066.207,254.74165,572.6476,882.33716,328.7032,704.60675,980.4489,275.68408,713.5207,775.18134
image_048.jpg,1250.034,592.91,-710.4207,1262.3583,558.8661,-700.3624,1262.3265,554.20135,-700.30817,1262.5183,550.17487,-700.62573,1253.5823,561.09564,-767.1141,1247.7981,556.87085,-767.42444,1241.882,552.7436,-767.5966,1227.5424,510.4669,-562.0355,1201.549,513.4232,-849.47565,1211.232,583.6902,-637.7186,1204.8552,584.93665,-720.6477,1124.694,491.14847,-333.13446,967.1482,504.0299,-806.5989,1037.1191,632.718,8.96003,764.5184,657.4242,-797.33295,1047.306,811.8754,-33.35528,878.9416,871.18036,-793.7742,1071.7037,833.99713,-64.713646,909.97156,921.8421,-888.4111,1072.1592,852.54675,-156.19612,953.53424,892.34955,-881.4575,1046.5199,847.62555,-72.27457,942.2838,874.75354,-796.02515,799.7422,580.6209,166.18785,714.59906,580.66785,-165.75197,663.2227,654.6903,639.66656,587.7547,649.2427,389.97543,541.2447,660.21265,1253.7686,470.8758,681.877,1014.7138,500.90173,634.8084,1316.2726,434.89542,667.58466,1075.6218,564.5442,769.42285,1259.8677,490.9516,773.8446,992.47656
image_049.jpg,706.5696,400.25455,-776.0196,715.66815,357.78915,-810.7958,725.5285,351.69003,-810.72595,735.1785,345.39383,-810.73645,696.5857,368.52518,-747.668,692.18726,370.41183,-747.74536,688.0908,372.73654,-748.03455,777.2448,322.4686,-810.75653,712.20233,358.24274,-524.62427,750.8573,404.31906,-764.5773,728.96265,417.89703,-680.89966,960.87164,378.40097,-813.04486,797.4227,425.4724,-277.48743,1044.1177,636.92145,-848.4404,787.68695,628.10455,-149.92668,1033.1713,865.4923,-901.1742,751.45215,829.3409,-243.20198,1028.8995,913.28815,-1031.7131,714.36707,859.84686,-286.2791,990.2959,901.8577,-1020.76434,715.691,861.7444,-379.28073,993.2219,889.142,-907.1418,745.64294,852.62726,-287.61917,1303.0063,483.79852,-190.41493,1217.3671,514.00836,191.13737,1451.5042,625.49493,233.21794,1362.3914,648.3713,599.5456,1602.2299,725.8172,696.1822,1510.0815,729.1151,1073.9827,1643.2957,720.3392,734.3159,1551.0171,717.4746,1118.045,1588.205,837.51483,594.39233,1505.8578,851.88367,1038.3491
image_050.jpg,1191.6737,278.53873,-1181.9738,1224.242,232.45847,-1171.1953,1236.8651,232.41368,-1171.3203,1249.9822,232.85695,-1171.6078,1184.4104,222.99767,-1196.5212,1168.2153,215.80545,-1196.6299,1151.9524,208.81833,-1196.7834,1244.0585,218.64317,-965.2974,1114.3453,183.36606,-1072.7603,1187.4467,303.94302,-1087.0812,1141.4775,290.02628,-1117.7363,1232.4235,291.6649,-690.31683,907.82184,276.2332,-986.6452,1291.1841,557.19415,-497.45587,795.6097,624.07745,-1032.3458,1340.6931,825.7694,-609.39813,779.5267,899.5501,-1084.2941,1407.3291,871.4983,-701.5665,769.89246,949.3598,-1224.3507,1381.2194,873.3065,-778.416,815.5914,935.4748,-1239.3915,1330.0282,863.12994,-646.868,823.58386,921.9525,-1105.745,816.0868,511.529,135.59186,672.76483,487.22604,-135.08908,642.74426,648.20807,681.53986,506.04147,612.62933,459.9161,489.855,657.4213,1255.1462,412.83798,649.37006,1018.46515,458.82648,636.3384,1313.6216,389.11703,633.8696,1067.337,466.7822,751.77356,1271.3676,416.78363,759.2447,983.8528
